transaction_id,vehicle_id,employee_id,location_id,sale_price,sale_date,financing_approved
TXN00001,VEH0033,EMP008,LOC002,25141.56,2026-07-05 13:08:28,True
TXN00002,VEH0013,EMP004,LOC001,39343.06,2026-07-05 13:08:28,True
TXN00003,VEH0045,EMP015,LOC003,31029.86,2026-07-05 13:08:28,False
TXN00004,VEH0005,EMP002,LOC001,43100.2,2026-07-05 13:08:28,True
TXN00005,VEH0091,EMP031,LOC005,31935.75,2026-07-05 13:08:28,False
TXN00006,VEH0033,EMP011,LOC002,26660.51,2026-07-06 13:08:28,False
TXN00007,VEH0012,EMP004,LOC001,32419.42,2026-07-06 13:08:28,False
TXN00008,VEH0023,EMP010,LOC002,32014.99,2026-07-06 13:08:28,True
TXN00009,VEH0053,EMP017,LOC003,41016.72,2026-07-06 13:08:28,True
TXN00010,VEH0036,EMP008,LOC002,51303.33,2026-07-06 13:08:28,True
TXN00011,VEH0060,EMP018,LOC003,67787.52,2026-07-06 13:08:28,True
TXN00012,VEH0053,EMP015,LOC003,37657.63,2026-07-06 13:08:28,False
TXN00013,VEH0082,EMP031,LOC005,28232.32,2026-07-06 13:08:28,False
TXN00014,VEH0067,EMP024,LOC004,41668.08,2026-07-07 13:08:28,False
TXN00015,VEH0031,EMP009,LOC002,30942.61,2026-07-07 13:08:28,False
TXN00016,VEH0078,EMP023,LOC004,39545.99,2026-07-07 13:08:28,True
TXN00017,VEH0018,EMP004,LOC001,69100.19,2026-07-07 13:08:28,False
TXN00018,VEH0063,EMP022,LOC004,33086.51,2026-07-07 13:08:28,True
TXN00019,VEH0079,EMP025,LOC004,32309.43,2026-07-07 13:08:28,False
TXN00020,VEH0055,EMP015,LOC003,42694.68,2026-07-08 13:08:28,False
TXN00021,VEH0071,EMP025,LOC004,28933.43,2026-07-08 13:08:28,True
TXN00022,VEH0019,EMP001,LOC001,36198.56,2026-07-08 13:08:28,True
TXN00023,VEH0023,EMP008,LOC002,30684.86,2026-07-08 13:08:28,True
TXN00024,VEH0042,EMP018,LOC003,32686.74,2026-07-08 13:08:28,False
TXN00025,VEH0036,EMP009,LOC002,50801.91,2026-07-08 13:08:28,True
TXN00026,VEH0051,EMP015,LOC003,33175.07,2026-07-08 13:08:28,True
TXN00027,VEH0012,EMP003,LOC001,32701.83,2026-07-09 13:08:28,True
TXN00028,VEH0019,EMP004,LOC001,37104.83,2026-07-09 13:08:28,True
TXN00029,VEH0093,EMP031,LOC005,72121.75,2026-07-09 13:08:28,False
TXN00030,VEH0089,EMP031,LOC005,43583.34,2026-07-09 13:08:28,True
TXN00031,VEH0029,EMP011,LOC002,34421.6,2026-07-10 13:08:28,False
TXN00032,VEH0049,EMP015,LOC003,27407.52,2026-07-10 13:08:28,True
TXN00033,VEH0003,EMP002,LOC001,39075.65,2026-07-10 13:08:28,True
TXN00034,VEH0062,EMP023,LOC004,37729.37,2026-07-10 13:08:28,True
TXN00035,VEH0035,EMP011,LOC002,32445.26,2026-07-10 13:08:28,True
TXN00036,VEH0056,EMP016,LOC003,21633.48,2026-07-10 13:08:28,True
TXN00037,VEH0039,EMP008,LOC002,53137.05,2026-07-11 13:08:28,False
TXN00038,VEH0041,EMP017,LOC003,46785.03,2026-07-11 13:08:28,False
TXN00039,VEH0059,EMP018,LOC003,54819.15,2026-07-11 13:08:28,False
TXN00040,VEH0066,EMP022,LOC004,40102.19,2026-07-11 13:08:28,False
TXN00041,VEH0075,EMP025,LOC004,47010.99,2026-07-11 13:08:28,False
TXN00042,VEH0086,EMP030,LOC005,38719.67,2026-07-12 13:08:28,True
TXN00043,VEH0063,EMP025,LOC004,34563.61,2026-07-12 13:08:28,False
TXN00044,VEH0079,EMP022,LOC004,30975.96,2026-07-12 13:08:28,True
TXN00045,VEH0047,EMP018,LOC003,29575.84,2026-07-12 13:08:28,True
TXN00046,VEH0038,EMP010,LOC002,33120.08,2026-07-12 13:08:28,True
TXN00047,VEH0003,EMP001,LOC001,37765.38,2026-07-12 13:08:28,True
TXN00048,VEH0093,EMP032,LOC005,69318.43,2026-07-12 13:08:28,False
TXN00049,VEH0070,EMP023,LOC004,32264.75,2026-07-13 13:08:28,True
TXN00050,VEH0066,EMP023,LOC004,41885.66,2026-07-13 13:08:28,True
TXN00051,VEH0042,EMP018,LOC003,30560.45,2026-07-13 13:08:28,True
TXN00052,VEH0049,EMP017,LOC003,26007.6,2026-07-13 13:08:28,True
TXN00053,VEH0023,EMP008,LOC002,32664.51,2026-07-13 13:08:28,True
TXN00054,VEH0003,EMP003,LOC001,37054.91,2026-07-13 13:08:28,False
TXN00055,VEH0080,EMP024,LOC004,33340.5,2026-07-13 13:08:28,True
TXN00056,VEH0057,EMP017,LOC003,33759.09,2026-07-13 13:08:28,True
TXN00057,VEH0098,EMP031,LOC005,32869.28,2026-07-14 13:08:28,False
TXN00058,VEH0082,EMP029,LOC005,27014.16,2026-07-14 13:08:28,True
TXN00059,VEH0090,EMP031,LOC005,25853.48,2026-07-14 13:08:28,True
TXN00060,VEH0073,EMP023,LOC004,43660.12,2026-07-14 13:08:28,True
TXN00061,VEH0054,EMP018,LOC003,35578.87,2026-07-14 13:08:28,True
TXN00062,VEH0060,EMP016,LOC003,66682.87,2026-07-14 13:08:28,True
TXN00063,VEH0089,EMP031,LOC005,46963.78,2026-07-15 13:08:28,True
TXN00064,VEH0017,EMP003,LOC001,28281.41,2026-07-15 13:08:28,True
TXN00065,VEH0034,EMP009,LOC002,31795.1,2026-07-15 13:08:28,True
TXN00066,VEH0038,EMP009,LOC002,31776.92,2026-07-15 13:08:28,True
TXN00067,VEH0078,EMP022,LOC004,36617.84,2026-07-15 13:08:28,True
TXN00068,VEH0035,EMP008,LOC002,35270.69,2026-07-16 13:08:28,False
TXN00069,VEH0029,EMP010,LOC002,33275.0,2026-07-16 13:08:28,False
TXN00070,VEH0059,EMP015,LOC003,56384.06,2026-07-16 13:08:28,False
TXN00071,VEH0067,EMP022,LOC004,37965.62,2026-07-16 13:08:28,False
TXN00072,VEH0031,EMP011,LOC002,30276.92,2026-07-17 13:08:28,False
TXN00073,VEH0035,EMP008,LOC002,34728.9,2026-07-17 13:08:28,False
TXN00074,VEH0055,EMP016,LOC003,44816.67,2026-07-17 13:08:28,False
TXN00075,VEH0047,EMP018,LOC003,30343.02,2026-07-17 13:08:28,True
TXN00076,VEH0019,EMP001,LOC001,38658.0,2026-07-17 13:08:28,False
TXN00077,VEH0088,EMP031,LOC005,40487.76,2026-07-17 13:08:28,False
TXN00078,VEH0017,EMP002,LOC001,27117.21,2026-07-17 13:08:28,True
TXN00079,VEH0078,EMP024,LOC004,38420.26,2026-07-17 13:08:28,True
TXN00080,VEH0087,EMP032,LOC005,73845.76,2026-07-18 13:08:28,True
TXN00081,VEH0073,EMP025,LOC004,43627.78,2026-07-18 13:08:28,True
TXN00082,VEH0087,EMP031,LOC005,71778.93,2026-07-18 13:08:28,False
TXN00083,VEH0073,EMP025,LOC004,42792.94,2026-07-18 13:08:28,True
TXN00084,VEH0075,EMP022,LOC004,46420.93,2026-07-19 13:08:28,True
TXN00085,VEH0074,EMP024,LOC004,70616.95,2026-07-19 13:08:28,True
TXN00086,VEH0081,EMP031,LOC005,36900.52,2026-07-19 13:08:28,True
TXN00087,VEH0001,EMP002,LOC001,31788.29,2026-07-19 13:08:28,True
TXN00088,VEH0012,EMP004,LOC001,34378.25,2026-07-20 13:08:28,False
TXN00089,VEH0069,EMP024,LOC004,38636.52,2026-07-20 13:08:28,False
TXN00090,VEH0049,EMP016,LOC003,26729.48,2026-07-20 13:08:28,True
TXN00091,VEH0041,EMP016,LOC003,46985.95,2026-07-20 13:08:28,True
TXN00092,VEH0089,EMP029,LOC005,44440.42,2026-07-20 13:08:28,False
TXN00093,VEH0099,EMP031,LOC005,37407.23,2026-07-20 13:08:28,True
TXN00094,VEH0066,EMP023,LOC004,41274.38,2026-07-20 13:08:28,True
TXN00095,VEH0099,EMP030,LOC005,35157.64,2026-07-21 13:08:28,True
TXN00096,VEH0008,EMP003,LOC001,28755.33,2026-07-21 13:08:28,True
TXN00097,VEH0082,EMP032,LOC005,28415.4,2026-07-21 13:08:28,True
TXN00098,VEH0004,EMP001,LOC001,38075.39,2026-07-21 13:08:28,False
TXN00099,VEH0079,EMP025,LOC004,33492.48,2026-07-21 13:08:28,False
TXN00100,VEH0070,EMP022,LOC004,32654.48,2026-07-21 13:08:28,True
TXN00101,VEH0047,EMP016,LOC003,27980.33,2026-07-22 13:08:28,False
TXN00102,VEH0035,EMP010,LOC002,33961.44,2026-07-22 13:08:28,False
TXN00103,VEH0082,EMP030,LOC005,28924.25,2026-07-22 13:08:28,True
TXN00104,VEH0023,EMP011,LOC002,30058.73,2026-07-22 13:08:28,True
TXN00105,VEH0052,EMP018,LOC003,44295.32,2026-07-22 13:08:28,False
TXN00106,VEH0049,EMP015,LOC003,27512.85,2026-07-22 13:08:28,False
TXN00107,VEH0097,EMP029,LOC005,30590.88,2026-07-23 13:08:28,True
TXN00108,VEH0062,EMP023,LOC004,38486.1,2026-07-23 13:08:28,True
TXN00109,VEH0014,EMP004,LOC001,44151.66,2026-07-23 13:08:28,True
TXN00110,VEH0067,EMP025,LOC004,37650.08,2026-07-23 13:08:28,True
TXN00111,VEH0052,EMP016,LOC003,43030.39,2026-07-23 13:08:28,True
TXN00112,VEH0036,EMP011,LOC002,51555.47,2026-07-24 13:08:28,False
TXN00113,VEH0093,EMP030,LOC005,72750.47,2026-07-24 13:08:28,False
TXN00114,VEH0031,EMP009,LOC002,29096.86,2026-07-24 13:08:28,False
TXN00115,VEH0057,EMP018,LOC003,35610.79,2026-07-24 13:08:28,True
TXN00116,VEH0089,EMP031,LOC005,43075.03,2026-07-24 13:08:28,False
TXN00117,VEH0034,EMP009,LOC002,31691.0,2026-07-24 13:08:28,True
TXN00118,VEH0022,EMP010,LOC002,30771.5,2026-07-25 13:08:28,False
TXN00119,VEH0070,EMP022,LOC004,32445.21,2026-07-25 13:08:28,True
TXN00120,VEH0054,EMP018,LOC003,33523.13,2026-07-25 13:08:28,False
TXN00121,VEH0027,EMP009,LOC002,26611.53,2026-07-25 13:08:28,False
TXN00122,VEH0045,EMP015,LOC003,31001.3,2026-07-25 13:08:28,True
TXN00123,VEH0007,EMP004,LOC001,28246.58,2026-07-25 13:08:28,False
TXN00124,VEH0080,EMP024,LOC004,31611.23,2026-07-25 13:08:28,True
TXN00125,VEH0057,EMP017,LOC003,35263.49,2026-07-26 13:08:28,True
TXN00126,VEH0003,EMP003,LOC001,37745.25,2026-07-26 13:08:28,False
TXN00127,VEH0090,EMP030,LOC005,24711.39,2026-07-26 13:08:28,False
TXN00128,VEH0022,EMP009,LOC002,28808.77,2026-07-26 13:08:28,True
TXN00129,VEH0099,EMP029,LOC005,37590.77,2026-07-26 13:08:28,True
TXN00130,VEH0017,EMP001,LOC001,28103.11,2026-07-27 13:08:28,True
TXN00131,VEH0003,EMP001,LOC001,38780.21,2026-07-27 13:08:28,True
TXN00132,VEH0056,EMP016,LOC003,21899.13,2026-07-27 13:08:28,False
TXN00133,VEH0001,EMP001,LOC001,32826.24,2026-07-27 13:08:28,True
TXN00134,VEH0055,EMP016,LOC003,46393.97,2026-07-27 13:08:28,False
TXN00135,VEH0047,EMP018,LOC003,28819.4,2026-07-27 13:08:28,True
TXN00136,VEH0003,EMP003,LOC001,37541.73,2026-07-28 13:08:28,True
TXN00137,VEH0100,EMP030,LOC005,31392.59,2026-07-28 13:08:28,True
TXN00138,VEH0042,EMP015,LOC003,32817.52,2026-07-28 13:08:28,False
TXN00139,VEH0053,EMP015,LOC003,40220.73,2026-07-28 13:08:28,False
TXN00140,VEH0039,EMP008,LOC002,54871.21,2026-07-28 13:08:28,False
TXN00141,VEH0100,EMP032,LOC005,31143.51,2026-07-28 13:08:28,False
TXN00142,VEH0060,EMP018,LOC003,69377.77,2026-07-28 13:08:28,True
TXN00143,VEH0037,EMP008,LOC002,70909.5,2026-07-28 13:08:28,True
TXN00144,VEH0067,EMP024,LOC004,40048.33,2026-07-29 13:08:28,False
TXN00145,VEH0042,EMP018,LOC003,32084.68,2026-07-29 13:08:28,True
TXN00146,VEH0100,EMP032,LOC005,32983.81,2026-07-29 13:08:28,True
TXN00147,VEH0042,EMP017,LOC003,30568.27,2026-07-29 13:08:28,False
TXN00148,VEH0038,EMP011,LOC002,32528.1,2026-07-29 13:08:28,True
TXN00149,VEH0045,EMP018,LOC003,30258.07,2026-07-29 13:08:28,False
TXN00150,VEH0027,EMP010,LOC002,27603.34,2026-07-30 13:08:28,True
TXN00151,VEH0044,EMP018,LOC003,53223.02,2026-07-30 13:08:28,False
TXN00152,VEH0024,EMP009,LOC002,30308.05,2026-07-30 13:08:28,True
TXN00153,VEH0067,EMP022,LOC004,40223.59,2026-07-30 13:08:28,False
TXN00154,VEH0095,EMP031,LOC005,33669.5,2026-07-31 13:08:28,True
TXN00155,VEH0064,EMP023,LOC004,72340.5,2026-07-31 13:08:28,True
TXN00156,VEH0046,EMP017,LOC003,31294.44,2026-07-31 13:08:28,False
TXN00157,VEH0056,EMP016,LOC003,22135.23,2026-07-31 13:08:28,False
TXN00158,VEH0034,EMP009,LOC002,32117.91,2026-07-31 13:08:28,True
TXN00159,VEH0060,EMP018,LOC003,71643.2,2026-07-31 13:08:28,False
TXN00160,VEH0082,EMP031,LOC005,27967.77,2026-08-01 13:08:28,True
TXN00161,VEH0044,EMP018,LOC003,54868.39,2026-08-01 13:08:28,False
TXN00162,VEH0075,EMP024,LOC004,43793.59,2026-08-01 13:08:28,True
TXN00163,VEH0060,EMP017,LOC003,68682.81,2026-08-01 13:08:28,False
TXN00164,VEH0034,EMP009,LOC002,29553.5,2026-08-01 13:08:28,True
TXN00165,VEH0037,EMP008,LOC002,75762.89,2026-08-01 13:08:28,True
TXN00166,VEH0082,EMP032,LOC005,28816.65,2026-08-01 13:08:28,False
TXN00167,VEH0062,EMP025,LOC004,40399.65,2026-08-01 13:08:28,True
TXN00168,VEH0018,EMP002,LOC001,70327.54,2026-08-02 13:08:28,True
TXN00169,VEH0064,EMP024,LOC004,74111.0,2026-08-02 13:08:28,True
TXN00170,VEH0070,EMP025,LOC004,34053.82,2026-08-02 13:08:28,True
TXN00171,VEH0069,EMP025,LOC004,36668.34,2026-08-02 13:08:28,True
TXN00172,VEH0035,EMP011,LOC002,33493.51,2026-08-02 13:08:28,True
TXN00173,VEH0022,EMP010,LOC002,30391.0,2026-08-02 13:08:28,True
TXN00174,VEH0008,EMP003,LOC001,29271.32,2026-08-03 13:08:28,True
TXN00175,VEH0001,EMP001,LOC001,32894.23,2026-08-03 13:08:28,False
TXN00176,VEH0030,EMP008,LOC002,30284.83,2026-08-03 13:08:28,True
TXN00177,VEH0066,EMP022,LOC004,39336.77,2026-08-03 13:08:28,True
TXN00178,VEH0055,EMP017,LOC003,47317.95,2026-08-03 13:08:28,True
TXN00179,VEH0064,EMP023,LOC004,73723.98,2026-08-03 13:08:28,True
TXN00180,VEH0066,EMP025,LOC004,41876.8,2026-08-04 13:08:28,False
TXN00181,VEH0053,EMP018,LOC003,39070.36,2026-08-04 13:08:28,True
TXN00182,VEH0054,EMP016,LOC003,34350.66,2026-08-04 13:08:28,True
TXN00183,VEH0028,EMP008,LOC002,43131.96,2026-08-04 13:08:28,True
TXN00184,VEH0095,EMP030,LOC005,32782.47,2026-08-04 13:08:28,False
TXN00185,VEH0099,EMP029,LOC005,34854.45,2026-08-04 13:08:28,True
TXN00186,VEH0083,EMP029,LOC005,30517.53,2026-08-04 13:08:28,False
TXN00187,VEH0002,EMP001,LOC001,70470.82,2026-08-05 13:08:28,True
TXN00188,VEH0023,EMP008,LOC002,32473.4,2026-08-05 13:08:28,False
TXN00189,VEH0098,EMP031,LOC005,33175.59,2026-08-05 13:08:28,False
TXN00190,VEH0005,EMP001,LOC001,44821.47,2026-08-05 13:08:28,True
TXN00191,VEH0029,EMP010,LOC002,34133.52,2026-08-05 13:08:28,True
TXN00192,VEH0052,EMP015,LOC003,47035.46,2026-08-05 13:08:28,True
TXN00193,VEH0046,EMP015,LOC003,34098.82,2026-08-05 13:08:28,True
TXN00194,VEH0014,EMP004,LOC001,44608.27,2026-08-06 13:08:28,False
TXN00195,VEH0068,EMP024,LOC004,25942.13,2026-08-06 13:08:28,True
TXN00196,VEH0084,EMP031,LOC005,39857.83,2026-08-06 13:08:28,False
TXN00197,VEH0056,EMP016,LOC003,21759.02,2026-08-06 13:08:28,False
TXN00198,VEH0089,EMP032,LOC005,45670.28,2026-08-06 13:08:28,True
TXN00199,VEH0078,EMP022,LOC004,36641.72,2026-08-06 13:08:28,True
TXN00200,VEH0008,EMP004,LOC001,30633.79,2026-08-06 13:08:28,True
TXN00201,VEH0031,EMP011,LOC002,31765.27,2026-08-06 13:08:28,False
TXN00202,VEH0094,EMP030,LOC005,75788.96,2026-08-07 13:08:28,True
TXN00203,VEH0082,EMP030,LOC005,27406.26,2026-08-07 13:08:28,False
TXN00204,VEH0030,EMP009,LOC002,29603.88,2026-08-07 13:08:28,False
TXN00205,VEH0007,EMP002,LOC001,28822.96,2026-08-07 13:08:28,True
TXN00206,VEH0046,EMP018,LOC003,32472.79,2026-08-07 13:08:28,False
TXN00207,VEH0022,EMP008,LOC002,31580.59,2026-08-07 13:08:28,False
TXN00208,VEH0024,EMP009,LOC002,32007.13,2026-08-07 13:08:28,True
TXN00209,VEH0079,EMP023,LOC004,32356.17,2026-08-08 13:08:28,True
TXN00210,VEH0098,EMP029,LOC005,32770.1,2026-08-08 13:08:28,True
TXN00211,VEH0085,EMP031,LOC005,44648.73,2026-08-08 13:08:28,True
TXN00212,VEH0007,EMP004,LOC001,28477.61,2026-08-08 13:08:28,False
TXN00213,VEH0080,EMP022,LOC004,33137.78,2026-08-09 13:08:28,True
TXN00214,VEH0059,EMP018,LOC003,56580.08,2026-08-09 13:08:28,True
TXN00215,VEH0069,EMP023,LOC004,39472.47,2026-08-09 13:08:28,False
TXN00216,VEH0079,EMP024,LOC004,31215.64,2026-08-09 13:08:28,False
TXN00217,VEH0004,EMP003,LOC001,38653.71,2026-08-09 13:08:28,True
TXN00218,VEH0080,EMP022,LOC004,32669.06,2026-08-09 13:08:28,True
TXN00219,VEH0034,EMP010,LOC002,32030.31,2026-08-09 13:08:28,True
TXN00220,VEH0029,EMP008,LOC002,33152.25,2026-08-10 13:08:28,True
TXN00221,VEH0045,EMP015,LOC003,32110.53,2026-08-10 13:08:28,True
TXN00222,VEH0098,EMP032,LOC005,35523.12,2026-08-10 13:08:28,True
TXN00223,VEH0014,EMP001,LOC001,45761.52,2026-08-10 13:08:28,True
TXN00224,VEH0004,EMP002,LOC001,38882.95,2026-08-11 13:08:28,True
TXN00225,VEH0013,EMP001,LOC001,40953.53,2026-08-11 13:08:28,False
TXN00226,VEH0062,EMP025,LOC004,37669.96,2026-08-11 13:08:28,True
TXN00227,VEH0051,EMP016,LOC003,31458.99,2026-08-11 13:08:28,False
TXN00228,VEH0070,EMP023,LOC004,34019.82,2026-08-11 13:08:28,False
TXN00229,VEH0001,EMP004,LOC001,30995.65,2026-08-11 13:08:28,False
TXN00230,VEH0033,EMP011,LOC002,25162.22,2026-08-11 13:08:28,False
TXN00231,VEH0064,EMP022,LOC004,69898.03,2026-08-11 13:08:28,False
TXN00232,VEH0004,EMP004,LOC001,38426.06,2026-08-12 13:08:28,True
TXN00233,VEH0045,EMP016,LOC003,30915.17,2026-08-12 13:08:28,True
TXN00234,VEH0054,EMP015,LOC003,34996.08,2026-08-12 13:08:28,False
TXN00235,VEH0033,EMP009,LOC002,25181.86,2026-08-12 13:08:28,False
TXN00236,VEH0013,EMP004,LOC001,40365.53,2026-08-12 13:08:28,True
TXN00237,VEH0094,EMP032,LOC005,72254.43,2026-08-12 13:08:28,False
TXN00238,VEH0033,EMP008,LOC002,26252.6,2026-08-12 13:08:28,False
TXN00239,VEH0095,EMP029,LOC005,34282.77,2026-08-12 13:08:28,False
TXN00240,VEH0004,EMP001,LOC001,40882.42,2026-08-13 13:08:28,True
TXN00241,VEH0044,EMP018,LOC003,53668.2,2026-08-13 13:08:28,False
TXN00242,VEH0074,EMP025,LOC004,71531.29,2026-08-13 13:08:28,False
TXN00243,VEH0022,EMP011,LOC002,30085.56,2026-08-14 13:08:28,True
TXN00244,VEH0045,EMP016,LOC003,31928.84,2026-08-14 13:08:28,True
TXN00245,VEH0056,EMP018,LOC003,21266.21,2026-08-14 13:08:28,True
TXN00246,VEH0006,EMP003,LOC001,23829.73,2026-08-14 13:08:28,True
TXN00247,VEH0075,EMP022,LOC004,43838.01,2026-08-14 13:08:28,True
TXN00248,VEH0030,EMP008,LOC002,29351.27,2026-08-14 13:08:28,False
TXN00249,VEH0012,EMP001,LOC001,32559.96,2026-08-14 13:08:28,True
TXN00250,VEH0093,EMP032,LOC005,72056.3,2026-08-14 13:08:28,True
TXN00251,VEH0074,EMP022,LOC004,71385.6,2026-08-15 13:08:28,False
TXN00252,VEH0007,EMP003,LOC001,28837.31,2026-08-15 13:08:28,False
TXN00253,VEH0019,EMP002,LOC001,37511.0,2026-08-15 13:08:28,True
TXN00254,VEH0095,EMP030,LOC005,33104.54,2026-08-15 13:08:28,True
TXN00255,VEH0037,EMP011,LOC002,75270.96,2026-08-15 13:08:28,True
TXN00256,VEH0084,EMP031,LOC005,37057.61,2026-08-15 13:08:28,False
TXN00257,VEH0005,EMP002,LOC001,42934.96,2026-08-15 13:08:28,True
TXN00258,VEH0006,EMP003,LOC001,24016.35,2026-08-16 13:08:28,False
TXN00259,VEH0006,EMP004,LOC001,22849.17,2026-08-16 13:08:28,False
TXN00260,VEH0004,EMP003,LOC001,37541.15,2026-08-16 13:08:28,True
TXN00261,VEH0070,EMP024,LOC004,34920.85,2026-08-16 13:08:28,False
TXN00262,VEH0071,EMP022,LOC004,30738.53,2026-08-16 13:08:28,True
TXN00263,VEH0068,EMP023,LOC004,25380.53,2026-08-16 13:08:28,True
TXN00264,VEH0060,EMP015,LOC003,72466.59,2026-08-16 13:08:28,False
TXN00265,VEH0018,EMP001,LOC001,64665.38,2026-08-16 13:08:28,False
TXN00266,VEH0001,EMP004,LOC001,31521.86,2026-08-17 13:08:28,True
TXN00267,VEH0036,EMP010,LOC002,50231.16,2026-08-17 13:08:28,True
TXN00268,VEH0098,EMP030,LOC005,35219.38,2026-08-17 13:08:28,False
TXN00269,VEH0099,EMP029,LOC005,37371.69,2026-08-17 13:08:28,False
TXN00270,VEH0098,EMP031,LOC005,32898.97,2026-08-17 13:08:28,True
TXN00271,VEH0052,EMP016,LOC003,43789.17,2026-08-17 13:08:28,True
TXN00272,VEH0036,EMP010,LOC002,52338.77,2026-08-17 13:08:28,True
TXN00273,VEH0074,EMP023,LOC004,75735.37,2026-08-18 13:08:28,True
TXN00274,VEH0054,EMP018,LOC003,33556.13,2026-08-18 13:08:28,True
TXN00275,VEH0100,EMP031,LOC005,30098.19,2026-08-18 13:08:28,True
TXN00276,VEH0087,EMP032,LOC005,71800.38,2026-08-18 13:08:28,True
TXN00277,VEH0019,EMP003,LOC001,35857.39,2026-08-19 13:08:28,True
TXN00278,VEH0068,EMP022,LOC004,24615.18,2026-08-19 13:08:28,False
TXN00279,VEH0018,EMP004,LOC001,65686.05,2026-08-19 13:08:28,True
TXN00280,VEH0074,EMP025,LOC004,71990.42,2026-08-19 13:08:28,False
TXN00281,VEH0029,EMP010,LOC002,31685.69,2026-08-19 13:08:28,True
TXN00282,VEH0028,EMP011,LOC002,40289.61,2026-08-19 13:08:28,False
TXN00283,VEH0095,EMP030,LOC005,34239.62,2026-08-20 13:08:28,False
TXN00284,VEH0024,EMP008,LOC002,31728.66,2026-08-20 13:08:28,True
TXN00285,VEH0057,EMP016,LOC003,32934.47,2026-08-20 13:08:28,True
TXN00286,VEH0051,EMP017,LOC003,32672.28,2026-08-21 13:08:28,False
TXN00287,VEH0054,EMP016,LOC003,33773.09,2026-08-21 13:08:28,True
TXN00288,VEH0030,EMP009,LOC002,30668.32,2026-08-21 13:08:28,True
TXN00289,VEH0008,EMP001,LOC001,31318.94,2026-08-21 13:08:28,True
TXN00290,VEH0070,EMP022,LOC004,31731.63,2026-08-21 13:08:28,True
TXN00291,VEH0063,EMP025,LOC004,33388.33,2026-08-21 13:08:28,False
TXN00292,VEH0005,EMP004,LOC001,44195.96,2026-08-21 13:08:28,False
TXN00293,VEH0085,EMP030,LOC005,44258.82,2026-08-22 13:08:28,True
TXN00294,VEH0035,EMP008,LOC002,33287.89,2026-08-22 13:08:28,True
TXN00295,VEH0007,EMP002,LOC001,28544.3,2026-08-22 13:08:28,True
TXN00296,VEH0082,EMP032,LOC005,26646.17,2026-08-22 13:08:28,True
TXN00297,VEH0078,EMP023,LOC004,37847.4,2026-08-23 13:08:28,True
TXN00298,VEH0022,EMP010,LOC002,31474.08,2026-08-23 13:08:28,True
TXN00299,VEH0023,EMP010,LOC002,30845.44,2026-08-23 13:08:28,True
TXN00300,VEH0010,EMP004,LOC001,57737.81,2026-08-23 13:08:28,True
TXN00301,VEH0074,EMP023,LOC004,74444.98,2026-08-23 13:08:28,False
TXN00302,VEH0083,EMP031,LOC005,30767.78,2026-08-23 13:08:28,True
TXN00303,VEH0100,EMP032,LOC005,31765.22,2026-08-23 13:08:28,True
TXN00304,VEH0008,EMP003,LOC001,28880.15,2026-08-23 13:08:28,True
TXN00305,VEH0071,EMP025,LOC004,29230.94,2026-08-24 13:08:28,True
TXN00306,VEH0098,EMP029,LOC005,33744.9,2026-08-24 13:08:28,False
TXN00307,VEH0010,EMP003,LOC001,56591.65,2026-08-24 13:08:28,True
TXN00308,VEH0057,EMP015,LOC003,36265.51,2026-08-24 13:08:28,True
TXN00309,VEH0007,EMP004,LOC001,30080.06,2026-08-24 13:08:28,True
TXN00310,VEH0023,EMP009,LOC002,30963.9,2026-08-24 13:08:28,False
TXN00311,VEH0098,EMP032,LOC005,34439.77,2026-08-24 13:08:28,False
TXN00312,VEH0097,EMP030,LOC005,32137.25,2026-08-25 13:08:28,True
TXN00313,VEH0019,EMP001,LOC001,36349.78,2026-08-25 13:08:28,True
TXN00314,VEH0091,EMP032,LOC005,33958.26,2026-08-25 13:08:28,False
TXN00315,VEH0066,EMP022,LOC004,40591.44,2026-08-25 13:08:28,False
TXN00316,VEH0019,EMP001,LOC001,37763.05,2026-08-25 13:08:28,False
TXN00317,VEH0066,EMP023,LOC004,38927.62,2026-08-25 13:08:28,True
TXN00318,VEH0088,EMP032,LOC005,38724.05,2026-08-25 13:08:28,True
TXN00319,VEH0053,EMP016,LOC003,41129.4,2026-08-26 13:08:28,False
TXN00320,VEH0044,EMP017,LOC003,56727.92,2026-08-26 13:08:28,True
TXN00321,VEH0027,EMP011,LOC002,28938.56,2026-08-26 13:08:28,True
TXN00322,VEH0013,EMP004,LOC001,41303.41,2026-08-26 13:08:28,False
TXN00323,VEH0083,EMP030,LOC005,28775.88,2026-08-26 13:08:28,False
TXN00324,VEH0069,EMP024,LOC004,36033.42,2026-08-26 13:08:28,True
TXN00325,VEH0051,EMP016,LOC003,31667.84,2026-08-26 13:08:28,False
TXN00326,VEH0053,EMP018,LOC003,40037.71,2026-08-26 13:08:28,False
TXN00327,VEH0044,EMP017,LOC003,53383.11,2026-08-27 13:08:28,False
TXN00328,VEH0083,EMP031,LOC005,30471.36,2026-08-27 13:08:28,True
TXN00329,VEH0070,EMP024,LOC004,32128.35,2026-08-27 13:08:28,True
TXN00330,VEH0060,EMP015,LOC003,70642.05,2026-08-28 13:08:28,True
TXN00331,VEH0059,EMP015,LOC003,54875.47,2026-08-28 13:08:28,False
TXN00332,VEH0066,EMP025,LOC004,42516.03,2026-08-28 13:08:28,True
TXN00333,VEH0014,EMP004,LOC001,42127.26,2026-08-28 13:08:28,True
TXN00334,VEH0051,EMP016,LOC003,32849.73,2026-08-28 13:08:28,True
TXN00335,VEH0090,EMP029,LOC005,24648.13,2026-08-28 13:08:28,False
TXN00336,VEH0098,EMP032,LOC005,33024.21,2026-08-28 13:08:28,False
TXN00337,VEH0022,EMP009,LOC002,31584.63,2026-08-29 13:08:28,True
TXN00338,VEH0051,EMP017,LOC003,32957.48,2026-08-29 13:08:28,True
TXN00339,VEH0071,EMP023,LOC004,31892.23,2026-08-29 13:08:28,True
TXN00340,VEH0067,EMP025,LOC004,39245.15,2026-08-29 13:08:28,False
TXN00341,VEH0038,EMP010,LOC002,32702.77,2026-08-30 13:08:28,True
TXN00342,VEH0091,EMP029,LOC005,33456.6,2026-08-30 13:08:28,False
TXN00343,VEH0034,EMP008,LOC002,30355.23,2026-08-30 13:08:28,False
TXN00344,VEH0008,EMP004,LOC001,30835.7,2026-08-30 13:08:28,True
TXN00345,VEH0062,EMP024,LOC004,38962.36,2026-08-30 13:08:28,True
TXN00346,VEH0095,EMP031,LOC005,34289.77,2026-08-31 13:08:28,True
TXN00347,VEH0064,EMP022,LOC004,76150.13,2026-08-31 13:08:28,True
TXN00348,VEH0053,EMP016,LOC003,40748.37,2026-08-31 13:08:28,True
TXN00349,VEH0030,EMP010,LOC002,30417.72,2026-08-31 13:08:28,True
TXN00350,VEH0088,EMP031,LOC005,37680.16,2026-09-01 13:08:28,True
TXN00351,VEH0083,EMP030,LOC005,31417.85,2026-09-01 13:08:28,False
TXN00352,VEH0060,EMP018,LOC003,69374.62,2026-09-01 13:08:28,True
TXN00353,VEH0088,EMP029,LOC005,41502.57,2026-09-01 13:08:28,True
TXN00354,VEH0078,EMP023,LOC004,36918.2,2026-09-01 13:08:28,True
TXN00355,VEH0082,EMP030,LOC005,27820.93,2026-09-02 13:08:28,True
TXN00356,VEH0095,EMP031,LOC005,33165.73,2026-09-02 13:08:28,True
TXN00357,VEH0054,EMP018,LOC003,35089.82,2026-09-02 13:08:28,True
TXN00358,VEH0014,EMP002,LOC001,42462.49,2026-09-03 13:08:28,True
TXN00359,VEH0027,EMP009,LOC002,29140.07,2026-09-03 13:08:28,False
TXN00360,VEH0094,EMP029,LOC005,75916.49,2026-09-03 13:08:28,True
TXN00361,VEH0019,EMP001,LOC001,36587.87,2026-09-03 13:08:28,False
TXN00362,VEH0027,EMP010,LOC002,27357.17,2026-09-04 13:08:28,False
TXN00363,VEH0083,EMP032,LOC005,31399.2,2026-09-04 13:08:28,True
TXN00364,VEH0005,EMP001,LOC001,42924.87,2026-09-04 13:08:28,False
TXN00365,VEH0098,EMP031,LOC005,35167.05,2026-09-04 13:08:28,True
TXN00366,VEH0082,EMP032,LOC005,28658.59,2026-09-04 13:08:28,True
TXN00367,VEH0069,EMP023,LOC004,37320.31,2026-09-04 13:08:28,True
TXN00368,VEH0080,EMP022,LOC004,34776.04,2026-09-04 13:08:28,True
TXN00369,VEH0007,EMP002,LOC001,28520.5,2026-09-05 13:08:28,True
TXN00370,VEH0080,EMP025,LOC004,32447.05,2026-09-05 13:08:28,True
TXN00371,VEH0024,EMP008,LOC002,30909.66,2026-09-05 13:08:28,False
TXN00372,VEH0049,EMP018,LOC003,26147.92,2026-09-06 13:08:28,False
TXN00373,VEH0045,EMP015,LOC003,30707.65,2026-09-06 13:08:28,True
TXN00374,VEH0067,EMP024,LOC004,38069.54,2026-09-06 13:08:28,True
TXN00375,VEH0063,EMP022,LOC004,33514.47,2026-09-07 13:08:28,True
TXN00376,VEH0031,EMP009,LOC002,31253.54,2026-09-07 13:08:28,True
TXN00377,VEH0093,EMP030,LOC005,70307.56,2026-09-07 13:08:28,True
TXN00378,VEH0001,EMP002,LOC001,32545.07,2026-09-08 13:08:28,True
TXN00379,VEH0006,EMP003,LOC001,24717.56,2026-09-08 13:08:28,True
TXN00380,VEH0078,EMP024,LOC004,39719.34,2026-09-08 13:08:28,True
TXN00381,VEH0054,EMP015,LOC003,34147.32,2026-09-08 13:08:28,True
TXN00382,VEH0049,EMP018,LOC003,25837.74,2026-09-08 13:08:28,True
TXN00383,VEH0082,EMP030,LOC005,28487.98,2026-09-09 13:08:28,False
TXN00384,VEH0005,EMP002,LOC001,42327.8,2026-09-09 13:08:28,False
TXN00385,VEH0079,EMP024,LOC004,33292.71,2026-09-09 13:08:28,True
TXN00386,VEH0084,EMP029,LOC005,38745.99,2026-09-09 13:08:28,True
TXN00387,VEH0009,EMP003,LOC001,52801.18,2026-09-09 13:08:28,False
TXN00388,VEH0012,EMP004,LOC001,35133.81,2026-09-09 13:08:28,True
TXN00389,VEH0030,EMP009,LOC002,31757.2,2026-09-09 13:08:28,True
TXN00390,VEH0010,EMP003,LOC001,57593.39,2026-09-10 13:08:28,True
TXN00391,VEH0081,EMP031,LOC005,35997.07,2026-09-10 13:08:28,True
TXN00392,VEH0055,EMP015,LOC003,45113.22,2026-09-10 13:08:28,True
TXN00393,VEH0083,EMP030,LOC005,30820.38,2026-09-10 13:08:28,False
TXN00394,VEH0081,EMP030,LOC005,37042.65,2026-09-10 13:08:28,False
TXN00395,VEH0007,EMP003,LOC001,30317.28,2026-09-10 13:08:28,True
TXN00396,VEH0030,EMP009,LOC002,30756.02,2026-09-11 13:08:28,True
TXN00397,VEH0068,EMP022,LOC004,25417.78,2026-09-11 13:08:28,True
TXN00398,VEH0005,EMP001,LOC001,42382.63,2026-09-11 13:08:28,True
TXN00399,VEH0082,EMP029,LOC005,28424.86,2026-09-11 13:08:28,False
TXN00400,VEH0066,EMP025,LOC004,41889.11,2026-09-11 13:08:28,True
TXN00401,VEH0091,EMP029,LOC005,35005.16,2026-09-11 13:08:28,True
TXN00402,VEH0049,EMP018,LOC003,27496.1,2026-09-11 13:08:28,True
TXN00403,VEH0028,EMP011,LOC002,40537.58,2026-09-11 13:08:28,True
TXN00404,VEH0051,EMP015,LOC003,33061.21,2026-09-12 13:08:28,True
TXN00405,VEH0001,EMP004,LOC001,30389.96,2026-09-12 13:08:28,False
TXN00406,VEH0063,EMP023,LOC004,31560.96,2026-09-12 13:08:28,False
TXN00407,VEH0018,EMP004,LOC001,67006.31,2026-09-12 13:08:28,True
TXN00408,VEH0031,EMP010,LOC002,30298.11,2026-09-13 13:08:28,False
TXN00409,VEH0098,EMP030,LOC005,34730.95,2026-09-13 13:08:28,False
TXN00410,VEH0023,EMP009,LOC002,32889.81,2026-09-13 13:08:28,False
TXN00411,VEH0012,EMP002,LOC001,35370.83,2026-09-14 13:08:28,True
TXN00412,VEH0063,EMP023,LOC004,32180.09,2026-09-14 13:08:28,True
TXN00413,VEH0041,EMP016,LOC003,43897.48,2026-09-14 13:08:28,False
TXN00414,VEH0002,EMP004,LOC001,69009.51,2026-09-14 13:08:28,False
TXN00415,VEH0038,EMP011,LOC002,30975.66,2026-09-14 13:08:28,True
TXN00416,VEH0053,EMP016,LOC003,40007.33,2026-09-14 13:08:28,True
TXN00417,VEH0054,EMP015,LOC003,35365.54,2026-09-15 13:08:28,True
TXN00418,VEH0056,EMP016,LOC003,22590.58,2026-09-15 13:08:28,True
TXN00419,VEH0091,EMP030,LOC005,35230.76,2026-09-15 13:08:28,True
TXN00420,VEH0008,EMP001,LOC001,28545.85,2026-09-15 13:08:28,True
TXN00421,VEH0034,EMP010,LOC002,31669.26,2026-09-15 13:08:28,True
TXN00422,VEH0035,EMP011,LOC002,31956.49,2026-09-15 13:08:28,False
TXN00423,VEH0099,EMP032,LOC005,34190.22,2026-09-15 13:08:28,True
TXN00424,VEH0003,EMP002,LOC001,38272.29,2026-09-15 13:08:28,True
TXN00425,VEH0100,EMP030,LOC005,32867.12,2026-09-16 13:08:28,False
TXN00426,VEH0047,EMP018,LOC003,30100.0,2026-09-16 13:08:28,False
TXN00427,VEH0047,EMP015,LOC003,29017.19,2026-09-16 13:08:28,True
TXN00428,VEH0002,EMP003,LOC001,65470.08,2026-09-16 13:08:28,True
TXN00429,VEH0001,EMP003,LOC001,30279.75,2026-09-17 13:08:28,False
TXN00430,VEH0097,EMP029,LOC005,30307.12,2026-09-17 13:08:28,True
TXN00431,VEH0047,EMP015,LOC003,29153.63,2026-09-17 13:08:28,True
TXN00432,VEH0054,EMP017,LOC003,34791.52,2026-09-17 13:08:28,False
TXN00433,VEH0019,EMP004,LOC001,38299.07,2026-09-17 13:08:28,True
TXN00434,VEH0033,EMP010,LOC002,27077.44,2026-09-17 13:08:28,True
TXN00435,VEH0091,EMP031,LOC005,32390.74,2026-09-17 13:08:28,False
TXN00436,VEH0079,EMP022,LOC004,32084.8,2026-09-17 13:08:28,True
TXN00437,VEH0037,EMP008,LOC002,73831.99,2026-09-18 13:08:28,False
TXN00438,VEH0089,EMP032,LOC005,42808.32,2026-09-18 13:08:28,True
TXN00439,VEH0035,EMP008,LOC002,32152.63,2026-09-18 13:08:28,True
TXN00440,VEH0084,EMP032,LOC005,36837.48,2026-09-18 13:08:28,True
TXN00441,VEH0075,EMP025,LOC004,44706.96,2026-09-18 13:08:28,False
TXN00442,VEH0084,EMP029,LOC005,37003.65,2026-09-19 13:08:28,False
TXN00443,VEH0008,EMP001,LOC001,31136.88,2026-09-19 13:08:28,False
TXN00444,VEH0095,EMP030,LOC005,33994.29,2026-09-19 13:08:28,True
TXN00445,VEH0069,EMP024,LOC004,38582.39,2026-09-19 13:08:28,False
TXN00446,VEH0018,EMP001,LOC001,71061.15,2026-09-19 13:08:28,True
TXN00447,VEH0008,EMP003,LOC001,28543.59,2026-09-20 13:08:28,False
TXN00448,VEH0086,EMP031,LOC005,37833.92,2026-09-20 13:08:28,False
TXN00449,VEH0085,EMP030,LOC005,44607.41,2026-09-20 13:08:28,True
TXN00450,VEH0090,EMP030,LOC005,24554.8,2026-09-20 13:08:28,True
TXN00451,VEH0073,EMP025,LOC004,40568.01,2026-09-20 13:08:28,False
TXN00452,VEH0091,EMP030,LOC005,35152.26,2026-09-21 13:08:28,True
TXN00453,VEH0085,EMP029,LOC005,41985.94,2026-09-21 13:08:28,True
TXN00454,VEH0019,EMP003,LOC001,37288.17,2026-09-21 13:08:28,False
TXN00455,VEH0098,EMP031,LOC005,35037.71,2026-09-21 13:08:28,True
TXN00456,VEH0006,EMP001,LOC001,23575.73,2026-09-21 13:08:28,True
TXN00457,VEH0018,EMP002,LOC001,71539.35,2026-09-21 13:08:28,False
TXN00458,VEH0047,EMP016,LOC003,30532.59,2026-09-21 13:08:28,False
TXN00459,VEH0023,EMP009,LOC002,30290.49,2026-09-22 13:08:28,True
TXN00460,VEH0056,EMP018,LOC003,21431.91,2026-09-22 13:08:28,True
TXN00461,VEH0068,EMP022,LOC004,26135.27,2026-09-22 13:08:28,True
TXN00462,VEH0047,EMP016,LOC003,27706.59,2026-09-22 13:08:28,True
TXN00463,VEH0095,EMP030,LOC005,31482.12,2026-09-22 13:08:28,False
TXN00464,VEH0049,EMP017,LOC003,28087.0,2026-09-22 13:08:28,True
TXN00465,VEH0052,EMP018,LOC003,43104.75,2026-09-22 13:08:28,False
TXN00466,VEH0078,EMP022,LOC004,36812.84,2026-09-23 13:08:28,False
TXN00467,VEH0067,EMP022,LOC004,39869.73,2026-09-23 13:08:28,False
TXN00468,VEH0080,EMP025,LOC004,32377.28,2026-09-23 13:08:28,True
TXN00469,VEH0067,EMP024,LOC004,38962.47,2026-09-23 13:08:28,True
TXN00470,VEH0041,EMP015,LOC003,45065.25,2026-09-23 13:08:28,True
TXN00471,VEH0042,EMP015,LOC003,32730.93,2026-09-24 13:08:28,False
TXN00472,VEH0091,EMP029,LOC005,32023.27,2026-09-24 13:08:28,True
TXN00473,VEH0088,EMP030,LOC005,39324.54,2026-09-24 13:08:28,True
TXN00474,VEH0003,EMP001,LOC001,35839.74,2026-09-24 13:08:28,False
TXN00475,VEH0031,EMP008,LOC002,30147.23,2026-09-24 13:08:28,False
TXN00476,VEH0027,EMP008,LOC002,28380.79,2026-09-24 13:08:28,True
TXN00477,VEH0059,EMP016,LOC003,54127.07,2026-09-24 13:08:28,True
TXN00478,VEH0039,EMP010,LOC002,50863.11,2026-09-25 13:08:28,True
TXN00479,VEH0001,EMP003,LOC001,32945.02,2026-09-25 13:08:28,False
TXN00480,VEH0029,EMP011,LOC002,34108.12,2026-09-25 13:08:28,True
TXN00481,VEH0029,EMP011,LOC002,34031.44,2026-09-25 13:08:28,True
TXN00482,VEH0066,EMP025,LOC004,40528.75,2026-09-25 13:08:28,True
TXN00483,VEH0088,EMP031,LOC005,40910.44,2026-09-25 13:08:28,True
TXN00484,VEH0059,EMP017,LOC003,54886.14,2026-09-25 13:08:28,True
TXN00485,VEH0054,EMP015,LOC003,33267.93,2026-09-26 13:08:28,False
TXN00486,VEH0033,EMP011,LOC002,25748.01,2026-09-26 13:08:28,False
TXN00487,VEH0012,EMP004,LOC001,32459.09,2026-09-26 13:08:28,True
TXN00488,VEH0085,EMP029,LOC005,42332.11,2026-09-26 13:08:28,True
TXN00489,VEH0055,EMP016,LOC003,43904.28,2026-09-26 13:08:28,True
TXN00490,VEH0059,EMP017,LOC003,58467.42,2026-09-26 13:08:28,True
TXN00491,VEH0082,EMP029,LOC005,28685.27,2026-09-26 13:08:28,True
TXN00492,VEH0094,EMP030,LOC005,73820.65,2026-09-27 13:08:28,True
TXN00493,VEH0090,EMP030,LOC005,26104.11,2026-09-27 13:08:28,False
TXN00494,VEH0001,EMP003,LOC001,30717.2,2026-09-27 13:08:28,False
TXN00495,VEH0014,EMP004,LOC001,42992.23,2026-09-27 13:08:28,True
TXN00496,VEH0063,EMP025,LOC004,33341.37,2026-09-27 13:08:28,False
TXN00497,VEH0081,EMP032,LOC005,35561.38,2026-09-28 13:08:28,True
TXN00498,VEH0033,EMP011,LOC002,27284.21,2026-09-28 13:08:28,True
TXN00499,VEH0047,EMP018,LOC003,27652.6,2026-09-28 13:08:28,True
TXN00500,VEH0045,EMP018,LOC003,31022.69,2026-09-29 13:08:28,True
TXN00501,VEH0008,EMP003,LOC001,29406.58,2026-09-29 13:08:28,True
TXN00502,VEH0063,EMP023,LOC004,31857.76,2026-09-29 13:08:28,True
TXN00503,VEH0041,EMP018,LOC003,44737.67,2026-09-29 13:08:28,True
TXN00504,VEH0068,EMP022,LOC004,25405.6,2026-09-29 13:08:28,True
TXN00505,VEH0034,EMP010,LOC002,30213.6,2026-09-30 13:08:28,True
TXN00506,VEH0039,EMP008,LOC002,51868.81,2026-09-30 13:08:28,True
TXN00507,VEH0074,EMP023,LOC004,71888.2,2026-09-30 13:08:28,True
TXN00508,VEH0022,EMP009,LOC002,30904.56,2026-09-30 13:08:28,True
TXN00509,VEH0039,EMP010,LOC002,53493.69,2026-09-30 13:08:28,True
TXN00510,VEH0044,EMP015,LOC003,54175.72,2026-10-01 13:08:28,False
TXN00511,VEH0006,EMP001,LOC001,22589.18,2026-10-01 13:08:28,False
TXN00512,VEH0080,EMP025,LOC004,31766.39,2026-10-01 13:08:28,True
TXN00513,VEH0013,EMP001,LOC001,42640.52,2026-10-01 13:08:28,False
TXN00514,VEH0010,EMP001,LOC001,54631.18,2026-10-01 13:08:28,False
TXN00515,VEH0070,EMP022,LOC004,34399.26,2026-10-01 13:08:28,True
TXN00516,VEH0030,EMP009,LOC002,29608.01,2026-10-01 13:08:28,True
TXN00517,VEH0097,EMP032,LOC005,32615.32,2026-10-02 13:08:28,True
TXN00518,VEH0049,EMP018,LOC003,26283.84,2026-10-02 13:08:28,True
TXN00519,VEH0080,EMP023,LOC004,31966.52,2026-10-02 13:08:28,False
TXN00520,VEH0090,EMP032,LOC005,26671.76,2026-10-02 13:08:28,True
TXN00521,VEH0023,EMP009,LOC002,31884.37,2026-10-02 13:08:28,False
TXN00522,VEH0003,EMP002,LOC001,35908.85,2026-10-03 13:08:28,False
TXN00523,VEH0044,EMP016,LOC003,54260.26,2026-10-03 13:08:28,True
TXN00524,VEH0030,EMP009,LOC002,29977.72,2026-10-03 13:08:28,False
TXN00525,VEH0001,EMP001,LOC001,30448.01,2026-10-03 13:08:28,True
TXN00526,VEH0059,EMP017,LOC003,57128.18,2026-10-03 13:08:28,True
