job_id,vehicle_id,technician_id,location_id,job_type,estimated_hours,actual_hours,labor_revenue,job_date
JOB00001,VEH0089,EMP013,LOC002,tire_rotation,0.5,0.54,26.22,2026-07-05 13:08:28
JOB00002,VEH0061,EMP007,LOC001,engine_repair,8.0,10.24,9728.05,2026-07-05 13:08:28
JOB00003,VEH0039,EMP035,LOC005,tire_rotation,0.5,0.48,23.54,2026-07-05 13:08:28
JOB00004,VEH0028,EMP007,LOC001,oil_change,1.0,1.11,98.51,2026-07-05 13:08:28
JOB00005,VEH0017,EMP013,LOC002,brake_replacement,3.0,3.59,1254.91,2026-07-05 13:08:28
JOB00006,VEH0017,EMP019,LOC003,engine_repair,8.0,6.87,6522.21,2026-07-05 13:08:28
JOB00007,VEH0099,EMP026,LOC004,engine_repair,8.0,9.28,8816.84,2026-07-05 13:08:28
JOB00008,VEH0049,EMP013,LOC002,transmission_service,5.0,5.36,3483.16,2026-07-05 13:08:28
JOB00009,VEH0098,EMP005,LOC001,engine_repair,8.0,10.05,9550.89,2026-07-05 13:08:28
JOB00010,VEH0004,EMP027,LOC004,battery_replacement,1.0,1.11,245.07,2026-07-05 13:08:28
JOB00011,VEH0062,EMP027,LOC004,battery_replacement,1.0,1.1,241.34,2026-07-05 13:08:28
JOB00012,VEH0072,EMP005,LOC001,engine_repair,8.0,10.6,10072.62,2026-07-05 13:08:28
JOB00013,VEH0038,EMP006,LOC001,ac_repair,4.0,3.54,1700.09,2026-07-06 13:08:28
JOB00014,VEH0002,EMP027,LOC004,tire_rotation,0.5,0.61,29.86,2026-07-06 13:08:28
JOB00015,VEH0036,EMP027,LOC004,oil_change,1.0,0.81,72.09,2026-07-06 13:08:28
JOB00016,VEH0029,EMP021,LOC003,brake_replacement,3.0,3.9,1363.36,2026-07-06 13:08:28
JOB00017,VEH0095,EMP020,LOC003,brake_replacement,3.0,2.61,911.86,2026-07-06 13:08:28
JOB00018,VEH0030,EMP033,LOC005,transmission_service,5.0,4.94,3210.41,2026-07-06 13:08:28
JOB00019,VEH0075,EMP034,LOC005,oil_change,1.0,1.37,121.5,2026-07-06 13:08:28
JOB00020,VEH0031,EMP013,LOC002,tire_rotation,0.5,0.53,25.97,2026-07-06 13:08:28
JOB00021,VEH0022,EMP033,LOC005,tire_rotation,0.5,0.61,29.93,2026-07-06 13:08:28
JOB00022,VEH0096,EMP028,LOC004,ac_repair,4.0,3.87,1857.16,2026-07-06 13:08:28
JOB00023,VEH0052,EMP033,LOC005,transmission_service,5.0,5.62,3653.43,2026-07-07 13:08:28
JOB00024,VEH0020,EMP019,LOC003,ac_repair,4.0,3.85,1850.19,2026-07-07 13:08:28
JOB00025,VEH0088,EMP012,LOC002,engine_repair,8.0,9.03,8580.17,2026-07-07 13:08:28
JOB00026,VEH0100,EMP019,LOC003,transmission_service,5.0,5.2,3377.79,2026-07-07 13:08:28
JOB00027,VEH0076,EMP014,LOC002,engine_repair,8.0,6.91,6566.21,2026-07-07 13:08:28
JOB00028,VEH0029,EMP035,LOC005,engine_repair,8.0,7.56,7177.26,2026-07-07 13:08:28
JOB00029,VEH0013,EMP005,LOC001,oil_change,1.0,0.83,74.31,2026-07-07 13:08:28
JOB00030,VEH0096,EMP012,LOC002,tire_rotation,0.5,0.58,28.57,2026-07-07 13:08:28
JOB00031,VEH0052,EMP007,LOC001,ac_repair,4.0,4.86,2335.18,2026-07-08 13:08:28
JOB00032,VEH0004,EMP028,LOC004,tire_rotation,0.5,0.45,21.92,2026-07-08 13:08:28
JOB00033,VEH0032,EMP012,LOC002,brake_replacement,3.0,4.08,1427.71,2026-07-08 13:08:28
JOB00034,VEH0022,EMP034,LOC005,transmission_service,5.0,5.47,3558.26,2026-07-08 13:08:28
JOB00035,VEH0025,EMP012,LOC002,ac_repair,4.0,4.74,2273.7,2026-07-08 13:08:28
JOB00036,VEH0036,EMP028,LOC004,tire_rotation,0.5,0.65,31.89,2026-07-09 13:08:28
JOB00037,VEH0083,EMP019,LOC003,battery_replacement,1.0,1.33,292.11,2026-07-09 13:08:28
JOB00038,VEH0094,EMP027,LOC004,transmission_service,5.0,4.82,3131.56,2026-07-09 13:08:28
JOB00039,VEH0013,EMP020,LOC003,battery_replacement,1.0,0.82,181.41,2026-07-09 13:08:28
JOB00040,VEH0012,EMP013,LOC002,tire_rotation,0.5,0.47,23.04,2026-07-09 13:08:28
JOB00041,VEH0026,EMP014,LOC002,tire_rotation,0.5,0.58,28.24,2026-07-09 13:08:28
JOB00042,VEH0087,EMP006,LOC001,battery_replacement,1.0,1.02,224.75,2026-07-09 13:08:28
JOB00043,VEH0091,EMP006,LOC001,engine_repair,8.0,8.3,7884.03,2026-07-10 13:08:28
JOB00044,VEH0064,EMP020,LOC003,oil_change,1.0,0.92,82.1,2026-07-10 13:08:28
JOB00045,VEH0031,EMP027,LOC004,brake_replacement,3.0,3.23,1130.37,2026-07-10 13:08:28
JOB00046,VEH0001,EMP026,LOC004,transmission_service,5.0,5.04,3274.44,2026-07-10 13:08:28
JOB00047,VEH0086,EMP007,LOC001,brake_replacement,3.0,2.61,914.63,2026-07-10 13:08:28
JOB00048,VEH0039,EMP028,LOC004,oil_change,1.0,1.23,109.25,2026-07-10 13:08:28
JOB00049,VEH0089,EMP033,LOC005,ac_repair,4.0,4.64,2229.45,2026-07-10 13:08:28
JOB00050,VEH0078,EMP020,LOC003,brake_replacement,3.0,3.12,1091.16,2026-07-10 13:08:28
JOB00051,VEH0025,EMP014,LOC002,brake_replacement,3.0,2.88,1006.85,2026-07-10 13:08:28
JOB00052,VEH0002,EMP013,LOC002,oil_change,1.0,0.83,73.62,2026-07-11 13:08:28
JOB00053,VEH0089,EMP012,LOC002,engine_repair,8.0,9.96,9466.59,2026-07-11 13:08:28
JOB00054,VEH0029,EMP033,LOC005,engine_repair,8.0,8.66,8222.74,2026-07-11 13:08:28
JOB00055,VEH0072,EMP013,LOC002,battery_replacement,1.0,0.94,206.3,2026-07-11 13:08:28
JOB00056,VEH0057,EMP019,LOC003,brake_replacement,3.0,3.7,1294.46,2026-07-11 13:08:28
JOB00057,VEH0043,EMP027,LOC004,oil_change,1.0,0.9,80.43,2026-07-11 13:08:28
JOB00058,VEH0086,EMP021,LOC003,engine_repair,8.0,8.27,7854.42,2026-07-11 13:08:28
JOB00059,VEH0070,EMP028,LOC004,ac_repair,4.0,3.55,1702.68,2026-07-11 13:08:28
JOB00060,VEH0054,EMP006,LOC001,tire_rotation,0.5,0.66,32.47,2026-07-11 13:08:28
JOB00061,VEH0005,EMP007,LOC001,transmission_service,5.0,5.59,3635.57,2026-07-11 13:08:28
JOB00062,VEH0091,EMP019,LOC003,engine_repair,8.0,10.49,9963.67,2026-07-12 13:08:28
JOB00063,VEH0005,EMP033,LOC005,tire_rotation,0.5,0.65,32.01,2026-07-12 13:08:28
JOB00064,VEH0077,EMP020,LOC003,engine_repair,8.0,9.27,8810.86,2026-07-12 13:08:28
JOB00065,VEH0048,EMP014,LOC002,battery_replacement,1.0,1.11,243.63,2026-07-12 13:08:28
JOB00066,VEH0029,EMP007,LOC001,engine_repair,8.0,10.43,9905.73,2026-07-12 13:08:28
JOB00067,VEH0052,EMP035,LOC005,ac_repair,4.0,5.18,2485.39,2026-07-12 13:08:28
JOB00068,VEH0008,EMP021,LOC003,ac_repair,4.0,4.23,2028.32,2026-07-12 13:08:28
JOB00069,VEH0039,EMP028,LOC004,transmission_service,5.0,5.7,3705.3,2026-07-12 13:08:28
JOB00070,VEH0046,EMP014,LOC002,tire_rotation,0.5,0.7,34.16,2026-07-12 13:08:28
JOB00071,VEH0020,EMP014,LOC002,transmission_service,5.0,6.46,4199.99,2026-07-12 13:08:28
JOB00072,VEH0081,EMP033,LOC005,battery_replacement,1.0,1.09,239.67,2026-07-13 13:08:28
JOB00073,VEH0058,EMP019,LOC003,ac_repair,4.0,5.09,2440.81,2026-07-13 13:08:28
JOB00074,VEH0076,EMP020,LOC003,oil_change,1.0,1.4,124.55,2026-07-13 13:08:28
JOB00075,VEH0001,EMP021,LOC003,tire_rotation,0.5,0.55,26.73,2026-07-13 13:08:28
JOB00076,VEH0054,EMP033,LOC005,brake_replacement,3.0,3.59,1255.12,2026-07-13 13:08:28
JOB00077,VEH0044,EMP034,LOC005,battery_replacement,1.0,0.95,208.76,2026-07-14 13:08:28
JOB00078,VEH0070,EMP013,LOC002,tire_rotation,0.5,0.57,27.92,2026-07-14 13:08:28
JOB00079,VEH0006,EMP020,LOC003,engine_repair,8.0,7.16,6799.89,2026-07-14 13:08:28
JOB00080,VEH0030,EMP034,LOC005,oil_change,1.0,1.16,103.6,2026-07-14 13:08:28
JOB00081,VEH0033,EMP014,LOC002,ac_repair,4.0,4.61,2212.06,2026-07-14 13:08:28
JOB00082,VEH0025,EMP020,LOC003,battery_replacement,1.0,1.2,264.9,2026-07-14 13:08:28
JOB00083,VEH0088,EMP034,LOC005,battery_replacement,1.0,1.14,250.5,2026-07-14 13:08:28
JOB00084,VEH0077,EMP007,LOC001,tire_rotation,0.5,0.58,28.52,2026-07-14 13:08:28
JOB00085,VEH0075,EMP020,LOC003,ac_repair,4.0,4.28,2055.65,2026-07-14 13:08:28
JOB00086,VEH0022,EMP028,LOC004,tire_rotation,0.5,0.61,30.0,2026-07-14 13:08:28
JOB00087,VEH0036,EMP013,LOC002,brake_replacement,3.0,3.06,1071.0,2026-07-15 13:08:28
JOB00088,VEH0065,EMP005,LOC001,transmission_service,5.0,4.68,3040.82,2026-07-15 13:08:28
JOB00089,VEH0095,EMP007,LOC001,engine_repair,8.0,7.43,7058.58,2026-07-15 13:08:28
JOB00090,VEH0001,EMP013,LOC002,oil_change,1.0,0.89,79.52,2026-07-15 13:08:28
JOB00091,VEH0077,EMP033,LOC005,ac_repair,4.0,5.22,2506.59,2026-07-15 13:08:28
JOB00092,VEH0003,EMP006,LOC001,engine_repair,8.0,9.05,8593.62,2026-07-15 13:08:28
JOB00093,VEH0017,EMP012,LOC002,oil_change,1.0,1.24,110.51,2026-07-15 13:08:28
JOB00094,VEH0042,EMP012,LOC002,oil_change,1.0,1.38,122.82,2026-07-16 13:08:28
JOB00095,VEH0005,EMP014,LOC002,oil_change,1.0,1.39,123.38,2026-07-16 13:08:28
JOB00096,VEH0073,EMP033,LOC005,battery_replacement,1.0,1.33,293.49,2026-07-16 13:08:28
JOB00097,VEH0004,EMP019,LOC003,brake_replacement,3.0,3.35,1171.94,2026-07-16 13:08:28
JOB00098,VEH0093,EMP019,LOC003,battery_replacement,1.0,0.87,190.84,2026-07-16 13:08:28
JOB00099,VEH0079,EMP035,LOC005,ac_repair,4.0,3.52,1687.98,2026-07-16 13:08:28
JOB00100,VEH0018,EMP028,LOC004,ac_repair,4.0,4.18,2004.82,2026-07-16 13:08:28
JOB00101,VEH0032,EMP006,LOC001,battery_replacement,1.0,1.13,248.57,2026-07-17 13:08:28
JOB00102,VEH0024,EMP019,LOC003,brake_replacement,3.0,3.1,1085.96,2026-07-17 13:08:28
JOB00103,VEH0095,EMP028,LOC004,tire_rotation,0.5,0.53,26.03,2026-07-17 13:08:28
JOB00104,VEH0079,EMP013,LOC002,transmission_service,5.0,4.08,2649.53,2026-07-17 13:08:28
JOB00105,VEH0020,EMP005,LOC001,brake_replacement,3.0,2.42,845.46,2026-07-17 13:08:28
JOB00106,VEH0047,EMP019,LOC003,transmission_service,5.0,5.99,3892.03,2026-07-17 13:08:28
JOB00107,VEH0042,EMP006,LOC001,battery_replacement,1.0,0.82,179.46,2026-07-17 13:08:28
JOB00108,VEH0094,EMP006,LOC001,ac_repair,4.0,4.21,2022.52,2026-07-17 13:08:28
JOB00109,VEH0063,EMP012,LOC002,oil_change,1.0,1.16,103.47,2026-07-18 13:08:28
JOB00110,VEH0059,EMP020,LOC003,transmission_service,5.0,4.2,2728.89,2026-07-18 13:08:28
JOB00111,VEH0089,EMP013,LOC002,engine_repair,8.0,10.64,10104.36,2026-07-18 13:08:28
JOB00112,VEH0028,EMP012,LOC002,tire_rotation,0.5,0.56,27.59,2026-07-18 13:08:28
JOB00113,VEH0068,EMP028,LOC004,brake_replacement,3.0,3.91,1366.88,2026-07-18 13:08:28
JOB00114,VEH0005,EMP035,LOC005,brake_replacement,3.0,3.02,1058.45,2026-07-18 13:08:28
JOB00115,VEH0024,EMP012,LOC002,transmission_service,5.0,4.48,2910.32,2026-07-18 13:08:28
JOB00116,VEH0081,EMP027,LOC004,brake_replacement,3.0,3.51,1229.4,2026-07-18 13:08:28
JOB00117,VEH0069,EMP007,LOC001,oil_change,1.0,1.2,106.57,2026-07-19 13:08:28
JOB00118,VEH0097,EMP020,LOC003,engine_repair,8.0,9.41,8942.44,2026-07-19 13:08:28
JOB00119,VEH0001,EMP013,LOC002,ac_repair,4.0,5.04,2419.89,2026-07-19 13:08:28
JOB00120,VEH0082,EMP026,LOC004,engine_repair,8.0,6.88,6532.64,2026-07-19 13:08:28
JOB00121,VEH0068,EMP021,LOC003,tire_rotation,0.5,0.47,23.21,2026-07-19 13:08:28
JOB00122,VEH0009,EMP027,LOC004,oil_change,1.0,1.4,124.45,2026-07-19 13:08:28
JOB00123,VEH0027,EMP006,LOC001,battery_replacement,1.0,1.3,287.08,2026-07-19 13:08:28
JOB00124,VEH0055,EMP012,LOC002,tire_rotation,0.5,0.61,29.93,2026-07-19 13:08:28
JOB00125,VEH0058,EMP007,LOC001,ac_repair,4.0,4.81,2309.93,2026-07-19 13:08:28
JOB00126,VEH0016,EMP005,LOC001,transmission_service,5.0,5.12,3330.19,2026-07-19 13:08:28
JOB00127,VEH0016,EMP035,LOC005,brake_replacement,3.0,2.46,859.55,2026-07-19 13:08:28
JOB00128,VEH0055,EMP034,LOC005,transmission_service,5.0,5.79,3765.93,2026-07-20 13:08:28
JOB00129,VEH0081,EMP026,LOC004,ac_repair,4.0,3.22,1547.85,2026-07-20 13:08:28
JOB00130,VEH0057,EMP027,LOC004,battery_replacement,1.0,0.89,195.59,2026-07-20 13:08:28
JOB00131,VEH0017,EMP020,LOC003,transmission_service,5.0,6.68,4344.97,2026-07-20 13:08:28
JOB00132,VEH0005,EMP033,LOC005,brake_replacement,3.0,3.3,1153.39,2026-07-20 13:08:28
JOB00133,VEH0098,EMP007,LOC001,brake_replacement,3.0,3.61,1265.0,2026-07-20 13:08:28
JOB00134,VEH0034,EMP020,LOC003,oil_change,1.0,1.17,104.25,2026-07-20 13:08:28
JOB00135,VEH0093,EMP034,LOC005,ac_repair,4.0,3.82,1834.25,2026-07-20 13:08:28
JOB00136,VEH0024,EMP012,LOC002,ac_repair,4.0,3.39,1625.3,2026-07-20 13:08:28
JOB00137,VEH0048,EMP034,LOC005,oil_change,1.0,1.27,112.69,2026-07-20 13:08:28
JOB00138,VEH0039,EMP012,LOC002,battery_replacement,1.0,1.12,246.01,2026-07-21 13:08:28
JOB00139,VEH0010,EMP028,LOC004,brake_replacement,3.0,3.55,1243.73,2026-07-21 13:08:28
JOB00140,VEH0016,EMP028,LOC004,ac_repair,4.0,4.98,2389.67,2026-07-21 13:08:28
JOB00141,VEH0039,EMP035,LOC005,transmission_service,5.0,6.59,4285.14,2026-07-21 13:08:28
JOB00142,VEH0075,EMP026,LOC004,battery_replacement,1.0,0.83,182.07,2026-07-21 13:08:28
JOB00143,VEH0035,EMP006,LOC001,oil_change,1.0,0.93,82.79,2026-07-22 13:08:28
JOB00144,VEH0039,EMP027,LOC004,oil_change,1.0,0.86,76.51,2026-07-22 13:08:28
JOB00145,VEH0014,EMP007,LOC001,battery_replacement,1.0,1.06,233.86,2026-07-22 13:08:28
JOB00146,VEH0016,EMP019,LOC003,tire_rotation,0.5,0.4,19.77,2026-07-22 13:08:28
JOB00147,VEH0045,EMP021,LOC003,oil_change,1.0,1.37,122.33,2026-07-22 13:08:28
JOB00148,VEH0089,EMP012,LOC002,brake_replacement,3.0,3.16,1105.78,2026-07-22 13:08:28
JOB00149,VEH0087,EMP034,LOC005,tire_rotation,0.5,0.43,21.3,2026-07-22 13:08:28
JOB00150,VEH0056,EMP019,LOC003,engine_repair,8.0,8.79,8346.43,2026-07-22 13:08:28
JOB00151,VEH0034,EMP019,LOC003,battery_replacement,1.0,0.92,201.9,2026-07-22 13:08:28
JOB00152,VEH0076,EMP028,LOC004,engine_repair,8.0,9.74,9253.21,2026-07-22 13:08:28
JOB00153,VEH0037,EMP033,LOC005,transmission_service,5.0,4.32,2811.18,2026-07-23 13:08:28
JOB00154,VEH0058,EMP007,LOC001,battery_replacement,1.0,0.98,215.62,2026-07-23 13:08:28
JOB00155,VEH0037,EMP027,LOC004,brake_replacement,3.0,3.07,1072.78,2026-07-23 13:08:28
JOB00156,VEH0071,EMP034,LOC005,engine_repair,8.0,7.72,7338.74,2026-07-23 13:08:28
JOB00157,VEH0093,EMP006,LOC001,tire_rotation,0.5,0.45,22.24,2026-07-23 13:08:28
JOB00158,VEH0051,EMP034,LOC005,tire_rotation,0.5,0.61,30.02,2026-07-23 13:08:28
JOB00159,VEH0050,EMP013,LOC002,brake_replacement,3.0,3.44,1202.58,2026-07-23 13:08:28
JOB00160,VEH0065,EMP012,LOC002,engine_repair,8.0,10.98,10426.32,2026-07-23 13:08:28
JOB00161,VEH0036,EMP026,LOC004,transmission_service,5.0,5.61,3647.67,2026-07-23 13:08:28
JOB00162,VEH0085,EMP035,LOC005,ac_repair,4.0,3.75,1799.24,2026-07-23 13:08:28
JOB00163,VEH0002,EMP033,LOC005,battery_replacement,1.0,1.03,225.68,2026-07-23 13:08:28
JOB00164,VEH0001,EMP007,LOC001,battery_replacement,1.0,1.31,287.93,2026-07-24 13:08:28
JOB00165,VEH0047,EMP007,LOC001,ac_repair,4.0,4.78,2293.71,2026-07-24 13:08:28
JOB00166,VEH0055,EMP014,LOC002,brake_replacement,3.0,2.44,854.28,2026-07-24 13:08:28
JOB00167,VEH0018,EMP005,LOC001,oil_change,1.0,1.13,100.79,2026-07-24 13:08:28
JOB00168,VEH0057,EMP012,LOC002,engine_repair,8.0,8.3,7889.37,2026-07-24 13:08:28
JOB00169,VEH0059,EMP012,LOC002,tire_rotation,0.5,0.62,30.3,2026-07-24 13:08:28
JOB00170,VEH0031,EMP028,LOC004,ac_repair,4.0,3.46,1660.76,2026-07-24 13:08:28
JOB00171,VEH0072,EMP033,LOC005,battery_replacement,1.0,1.09,238.9,2026-07-25 13:08:28
JOB00172,VEH0084,EMP019,LOC003,brake_replacement,3.0,4.17,1460.99,2026-07-25 13:08:28
JOB00173,VEH0087,EMP035,LOC005,tire_rotation,0.5,0.58,28.48,2026-07-25 13:08:28
JOB00174,VEH0099,EMP014,LOC002,tire_rotation,0.5,0.68,33.29,2026-07-25 13:08:28
JOB00175,VEH0017,EMP007,LOC001,engine_repair,8.0,10.3,9781.33,2026-07-25 13:08:28
JOB00176,VEH0077,EMP034,LOC005,oil_change,1.0,1.33,118.17,2026-07-25 13:08:28
JOB00177,VEH0081,EMP033,LOC005,tire_rotation,0.5,0.62,30.39,2026-07-25 13:08:28
JOB00178,VEH0094,EMP005,LOC001,tire_rotation,0.5,0.46,22.57,2026-07-25 13:08:28
JOB00179,VEH0031,EMP006,LOC001,ac_repair,4.0,5.12,2456.23,2026-07-26 13:08:28
JOB00180,VEH0091,EMP014,LOC002,oil_change,1.0,0.86,76.91,2026-07-26 13:08:28
JOB00181,VEH0038,EMP021,LOC003,ac_repair,4.0,5.06,2426.92,2026-07-26 13:08:28
JOB00182,VEH0064,EMP019,LOC003,tire_rotation,0.5,0.64,31.55,2026-07-26 13:08:28
JOB00183,VEH0047,EMP028,LOC004,oil_change,1.0,1.13,100.28,2026-07-26 13:08:28
JOB00184,VEH0061,EMP013,LOC002,battery_replacement,1.0,0.99,218.4,2026-07-26 13:08:28
JOB00185,VEH0001,EMP005,LOC001,brake_replacement,3.0,3.06,1071.54,2026-07-26 13:08:28
JOB00186,VEH0073,EMP019,LOC003,ac_repair,4.0,5.33,2558.83,2026-07-26 13:08:28
JOB00187,VEH0060,EMP006,LOC001,battery_replacement,1.0,1.05,230.6,2026-07-26 13:08:28
JOB00188,VEH0083,EMP021,LOC003,transmission_service,5.0,4.11,2672.55,2026-07-27 13:08:28
JOB00189,VEH0015,EMP020,LOC003,tire_rotation,0.5,0.54,26.43,2026-07-27 13:08:28
JOB00190,VEH0055,EMP028,LOC004,oil_change,1.0,0.81,72.2,2026-07-27 13:08:28
JOB00191,VEH0055,EMP035,LOC005,brake_replacement,3.0,2.86,1000.67,2026-07-27 13:08:28
JOB00192,VEH0085,EMP013,LOC002,tire_rotation,0.5,0.59,28.98,2026-07-27 13:08:28
JOB00193,VEH0043,EMP012,LOC002,battery_replacement,1.0,0.81,178.76,2026-07-27 13:08:28
JOB00194,VEH0050,EMP007,LOC001,brake_replacement,3.0,4.04,1413.81,2026-07-27 13:08:28
JOB00195,VEH0067,EMP013,LOC002,battery_replacement,1.0,0.86,190.08,2026-07-27 13:08:28
JOB00196,VEH0063,EMP005,LOC001,transmission_service,5.0,5.32,3460.46,2026-07-27 13:08:28
JOB00197,VEH0095,EMP035,LOC005,transmission_service,5.0,6.59,4285.11,2026-07-27 13:08:28
JOB00198,VEH0037,EMP007,LOC001,ac_repair,4.0,3.53,1692.21,2026-07-27 13:08:28
JOB00199,VEH0008,EMP007,LOC001,brake_replacement,3.0,2.99,1047.91,2026-07-28 13:08:28
JOB00200,VEH0053,EMP007,LOC001,oil_change,1.0,1.0,88.74,2026-07-28 13:08:28
JOB00201,VEH0039,EMP033,LOC005,transmission_service,5.0,4.11,2669.08,2026-07-28 13:08:28
JOB00202,VEH0073,EMP033,LOC005,ac_repair,4.0,5.48,2630.75,2026-07-28 13:08:28
JOB00203,VEH0058,EMP006,LOC001,engine_repair,8.0,9.72,9230.55,2026-07-28 13:08:28
JOB00204,VEH0011,EMP007,LOC001,transmission_service,5.0,6.81,4426.49,2026-07-28 13:08:28
JOB00205,VEH0011,EMP019,LOC003,oil_change,1.0,1.27,113.22,2026-07-28 13:08:28
JOB00206,VEH0019,EMP005,LOC001,battery_replacement,1.0,0.9,198.71,2026-07-29 13:08:28
JOB00207,VEH0100,EMP012,LOC002,transmission_service,5.0,5.58,3628.93,2026-07-29 13:08:28
JOB00208,VEH0021,EMP028,LOC004,engine_repair,8.0,8.68,8250.43,2026-07-29 13:08:28
JOB00209,VEH0039,EMP028,LOC004,tire_rotation,0.5,0.66,32.36,2026-07-29 13:08:28
JOB00210,VEH0022,EMP021,LOC003,engine_repair,8.0,8.68,8245.5,2026-07-29 13:08:28
JOB00211,VEH0028,EMP012,LOC002,ac_repair,4.0,3.22,1543.25,2026-07-29 13:08:28
JOB00212,VEH0046,EMP027,LOC004,tire_rotation,0.5,0.52,25.4,2026-07-29 13:08:28
JOB00213,VEH0021,EMP005,LOC001,ac_repair,4.0,3.33,1598.19,2026-07-29 13:08:28
JOB00214,VEH0049,EMP035,LOC005,battery_replacement,1.0,1.2,264.1,2026-07-30 13:08:28
JOB00215,VEH0011,EMP035,LOC005,ac_repair,4.0,3.27,1567.85,2026-07-30 13:08:28
JOB00216,VEH0025,EMP005,LOC001,engine_repair,8.0,10.87,10324.05,2026-07-30 13:08:28
JOB00217,VEH0046,EMP014,LOC002,brake_replacement,3.0,2.98,1043.58,2026-07-30 13:08:28
JOB00218,VEH0099,EMP026,LOC004,battery_replacement,1.0,0.89,195.41,2026-07-30 13:08:28
JOB00219,VEH0085,EMP005,LOC001,battery_replacement,1.0,0.99,217.63,2026-07-30 13:08:28
JOB00220,VEH0085,EMP035,LOC005,battery_replacement,1.0,0.97,212.45,2026-07-30 13:08:28
JOB00221,VEH0042,EMP006,LOC001,ac_repair,4.0,4.55,2183.63,2026-07-30 13:08:28
JOB00222,VEH0027,EMP012,LOC002,ac_repair,4.0,3.87,1859.03,2026-07-30 13:08:28
JOB00223,VEH0011,EMP019,LOC003,battery_replacement,1.0,1.25,274.55,2026-07-30 13:08:28
JOB00224,VEH0058,EMP033,LOC005,ac_repair,4.0,3.37,1617.7,2026-07-30 13:08:28
JOB00225,VEH0095,EMP013,LOC002,ac_repair,4.0,3.73,1788.1,2026-07-31 13:08:28
JOB00226,VEH0072,EMP021,LOC003,brake_replacement,3.0,2.51,879.33,2026-07-31 13:08:28
JOB00227,VEH0059,EMP014,LOC002,battery_replacement,1.0,0.87,191.94,2026-07-31 13:08:28
JOB00228,VEH0048,EMP033,LOC005,transmission_service,5.0,6.59,4280.37,2026-07-31 13:08:28
JOB00229,VEH0042,EMP014,LOC002,engine_repair,8.0,9.64,9154.79,2026-07-31 13:08:28
JOB00230,VEH0092,EMP014,LOC002,battery_replacement,1.0,1.19,262.7,2026-07-31 13:08:28
JOB00231,VEH0058,EMP019,LOC003,oil_change,1.0,1.29,115.19,2026-08-01 13:08:28
JOB00232,VEH0085,EMP012,LOC002,tire_rotation,0.5,0.48,23.43,2026-08-01 13:08:28
JOB00233,VEH0030,EMP027,LOC004,brake_replacement,3.0,2.76,967.59,2026-08-01 13:08:28
JOB00234,VEH0087,EMP035,LOC005,transmission_service,5.0,6.25,4064.85,2026-08-01 13:08:28
JOB00235,VEH0037,EMP014,LOC002,transmission_service,5.0,4.75,3085.36,2026-08-01 13:08:28
JOB00236,VEH0094,EMP006,LOC001,tire_rotation,0.5,0.6,29.29,2026-08-02 13:08:28
JOB00237,VEH0023,EMP006,LOC001,brake_replacement,3.0,2.57,899.23,2026-08-02 13:08:28
JOB00238,VEH0040,EMP019,LOC003,transmission_service,5.0,4.64,3017.42,2026-08-02 13:08:28
JOB00239,VEH0012,EMP035,LOC005,ac_repair,4.0,5.36,2575.1,2026-08-02 13:08:28
JOB00240,VEH0046,EMP014,LOC002,engine_repair,8.0,10.8,10255.62,2026-08-02 13:08:28
JOB00241,VEH0055,EMP033,LOC005,brake_replacement,3.0,3.01,1052.9,2026-08-02 13:08:28
JOB00242,VEH0025,EMP034,LOC005,oil_change,1.0,1.22,108.17,2026-08-02 13:08:28
JOB00243,VEH0063,EMP007,LOC001,ac_repair,4.0,5.49,2633.31,2026-08-02 13:08:28
JOB00244,VEH0061,EMP006,LOC001,oil_change,1.0,1.3,115.4,2026-08-02 13:08:28
JOB00245,VEH0047,EMP035,LOC005,oil_change,1.0,1.37,122.34,2026-08-02 13:08:28
JOB00246,VEH0064,EMP034,LOC005,battery_replacement,1.0,0.92,201.93,2026-08-03 13:08:28
JOB00247,VEH0094,EMP019,LOC003,battery_replacement,1.0,1.32,290.03,2026-08-03 13:08:28
JOB00248,VEH0014,EMP034,LOC005,ac_repair,4.0,3.56,1711.18,2026-08-03 13:08:28
JOB00249,VEH0069,EMP034,LOC005,engine_repair,8.0,10.66,10126.99,2026-08-03 13:08:28
JOB00250,VEH0092,EMP033,LOC005,ac_repair,4.0,3.74,1793.45,2026-08-03 13:08:28
JOB00251,VEH0048,EMP020,LOC003,oil_change,1.0,1.26,111.79,2026-08-03 13:08:28
JOB00252,VEH0043,EMP033,LOC005,brake_replacement,3.0,3.41,1194.15,2026-08-03 13:08:28
JOB00253,VEH0047,EMP013,LOC002,brake_replacement,3.0,3.71,1298.03,2026-08-03 13:08:28
JOB00254,VEH0062,EMP012,LOC002,oil_change,1.0,1.31,116.23,2026-08-03 13:08:28
JOB00255,VEH0011,EMP033,LOC005,battery_replacement,1.0,0.96,211.33,2026-08-04 13:08:28
JOB00256,VEH0097,EMP033,LOC005,tire_rotation,0.5,0.54,26.22,2026-08-04 13:08:28
JOB00257,VEH0011,EMP013,LOC002,oil_change,1.0,0.88,78.38,2026-08-04 13:08:28
JOB00258,VEH0093,EMP014,LOC002,brake_replacement,3.0,2.41,845.04,2026-08-04 13:08:28
JOB00259,VEH0099,EMP027,LOC004,tire_rotation,0.5,0.49,23.94,2026-08-04 13:08:28
JOB00260,VEH0053,EMP013,LOC002,engine_repair,8.0,10.21,9700.45,2026-08-04 13:08:28
JOB00261,VEH0072,EMP028,LOC004,brake_replacement,3.0,2.68,938.42,2026-08-04 13:08:28
JOB00262,VEH0070,EMP005,LOC001,transmission_service,5.0,6.79,4412.02,2026-08-04 13:08:28
JOB00263,VEH0046,EMP033,LOC005,transmission_service,5.0,4.75,3089.74,2026-08-04 13:08:28
JOB00264,VEH0066,EMP013,LOC002,ac_repair,4.0,4.2,2017.95,2026-08-04 13:08:28
JOB00265,VEH0052,EMP007,LOC001,tire_rotation,0.5,0.56,27.43,2026-08-05 13:08:28
JOB00266,VEH0091,EMP019,LOC003,brake_replacement,3.0,3.67,1283.33,2026-08-05 13:08:28
JOB00267,VEH0069,EMP006,LOC001,tire_rotation,0.5,0.65,32.09,2026-08-05 13:08:28
JOB00268,VEH0056,EMP005,LOC001,ac_repair,4.0,5.34,2565.49,2026-08-05 13:08:28
JOB00269,VEH0078,EMP013,LOC002,oil_change,1.0,0.84,74.6,2026-08-05 13:08:28
JOB00270,VEH0065,EMP026,LOC004,tire_rotation,0.5,0.43,21.01,2026-08-05 13:08:28
JOB00271,VEH0037,EMP021,LOC003,engine_repair,8.0,7.0,6654.4,2026-08-05 13:08:28
JOB00272,VEH0020,EMP020,LOC003,ac_repair,4.0,4.85,2325.86,2026-08-05 13:08:28
JOB00273,VEH0036,EMP021,LOC003,battery_replacement,1.0,1.05,231.14,2026-08-05 13:08:28
JOB00274,VEH0098,EMP027,LOC004,transmission_service,5.0,4.1,2663.73,2026-08-05 13:08:28
JOB00275,VEH0095,EMP020,LOC003,engine_repair,8.0,6.85,6510.56,2026-08-05 13:08:28
JOB00276,VEH0020,EMP006,LOC001,battery_replacement,1.0,0.89,196.78,2026-08-06 13:08:28
JOB00277,VEH0022,EMP026,LOC004,transmission_service,5.0,5.74,3730.67,2026-08-06 13:08:28
JOB00278,VEH0098,EMP027,LOC004,oil_change,1.0,1.05,93.77,2026-08-06 13:08:28
JOB00279,VEH0039,EMP021,LOC003,transmission_service,5.0,4.76,3091.11,2026-08-06 13:08:28
JOB00280,VEH0057,EMP013,LOC002,brake_replacement,3.0,2.94,1029.13,2026-08-06 13:08:28
JOB00281,VEH0024,EMP020,LOC003,brake_replacement,3.0,3.55,1242.5,2026-08-06 13:08:28
JOB00282,VEH0025,EMP019,LOC003,engine_repair,8.0,6.7,6369.33,2026-08-06 13:08:28
JOB00283,VEH0058,EMP027,LOC004,tire_rotation,0.5,0.63,30.86,2026-08-06 13:08:28
JOB00284,VEH0011,EMP021,LOC003,battery_replacement,1.0,1.19,261.3,2026-08-06 13:08:28
JOB00285,VEH0050,EMP027,LOC004,transmission_service,5.0,5.61,3645.53,2026-08-06 13:08:28
JOB00286,VEH0099,EMP006,LOC001,tire_rotation,0.5,0.55,27.19,2026-08-06 13:08:28
JOB00287,VEH0076,EMP028,LOC004,brake_replacement,3.0,4.11,1436.92,2026-08-06 13:08:28
JOB00288,VEH0076,EMP034,LOC005,ac_repair,4.0,4.18,2007.43,2026-08-07 13:08:28
JOB00289,VEH0026,EMP020,LOC003,engine_repair,8.0,8.44,8016.85,2026-08-07 13:08:28
JOB00290,VEH0096,EMP019,LOC003,brake_replacement,3.0,2.67,934.12,2026-08-07 13:08:28
JOB00291,VEH0069,EMP034,LOC005,battery_replacement,1.0,1.24,271.99,2026-08-07 13:08:28
JOB00292,VEH0058,EMP021,LOC003,oil_change,1.0,0.96,85.33,2026-08-07 13:08:28
JOB00293,VEH0091,EMP028,LOC004,transmission_service,5.0,5.54,3598.23,2026-08-08 13:08:28
JOB00294,VEH0097,EMP034,LOC005,brake_replacement,3.0,2.91,1017.53,2026-08-08 13:08:28
JOB00295,VEH0025,EMP005,LOC001,ac_repair,4.0,4.16,1999.03,2026-08-08 13:08:28
JOB00296,VEH0077,EMP033,LOC005,oil_change,1.0,0.98,87.23,2026-08-08 13:08:28
JOB00297,VEH0011,EMP014,LOC002,ac_repair,4.0,3.51,1683.91,2026-08-08 13:08:28
JOB00298,VEH0014,EMP005,LOC001,oil_change,1.0,1.07,95.42,2026-08-08 13:08:28
JOB00299,VEH0037,EMP034,LOC005,ac_repair,4.0,5.26,2525.27,2026-08-08 13:08:28
JOB00300,VEH0005,EMP019,LOC003,oil_change,1.0,1.37,121.59,2026-08-08 13:08:28
JOB00301,VEH0013,EMP020,LOC003,tire_rotation,0.5,0.42,20.68,2026-08-08 13:08:28
JOB00302,VEH0074,EMP012,LOC002,engine_repair,8.0,7.55,7174.33,2026-08-08 13:08:28
JOB00303,VEH0061,EMP034,LOC005,transmission_service,5.0,6.59,4280.95,2026-08-09 13:08:28
JOB00304,VEH0090,EMP027,LOC004,tire_rotation,0.5,0.58,28.47,2026-08-09 13:08:28
JOB00305,VEH0039,EMP013,LOC002,transmission_service,5.0,5.84,3795.55,2026-08-09 13:08:28
JOB00306,VEH0028,EMP021,LOC003,engine_repair,8.0,7.6,7220.48,2026-08-09 13:08:28
JOB00307,VEH0073,EMP028,LOC004,brake_replacement,3.0,4.01,1402.93,2026-08-09 13:08:28
JOB00308,VEH0001,EMP027,LOC004,engine_repair,8.0,9.9,9406.75,2026-08-09 13:08:28
JOB00309,VEH0017,EMP026,LOC004,tire_rotation,0.5,0.56,27.33,2026-08-10 13:08:28
JOB00310,VEH0089,EMP014,LOC002,transmission_service,5.0,5.44,3534.06,2026-08-10 13:08:28
JOB00311,VEH0069,EMP035,LOC005,tire_rotation,0.5,0.44,21.53,2026-08-10 13:08:28
JOB00312,VEH0007,EMP013,LOC002,brake_replacement,3.0,4.01,1404.83,2026-08-10 13:08:28
JOB00313,VEH0039,EMP026,LOC004,ac_repair,4.0,4.46,2138.63,2026-08-10 13:08:28
JOB00314,VEH0049,EMP019,LOC003,brake_replacement,3.0,3.0,1048.64,2026-08-10 13:08:28
JOB00315,VEH0053,EMP005,LOC001,oil_change,1.0,1.32,117.07,2026-08-10 13:08:28
JOB00316,VEH0018,EMP007,LOC001,engine_repair,8.0,11.19,10627.11,2026-08-11 13:08:28
JOB00317,VEH0011,EMP021,LOC003,battery_replacement,1.0,1.23,270.55,2026-08-11 13:08:28
JOB00318,VEH0100,EMP020,LOC003,engine_repair,8.0,6.63,6295.86,2026-08-11 13:08:28
JOB00319,VEH0004,EMP034,LOC005,transmission_service,5.0,6.27,4073.55,2026-08-11 13:08:28
JOB00320,VEH0052,EMP007,LOC001,battery_replacement,1.0,1.24,272.03,2026-08-11 13:08:28
JOB00321,VEH0007,EMP014,LOC002,ac_repair,4.0,3.72,1787.62,2026-08-11 13:08:28
JOB00322,VEH0085,EMP033,LOC005,ac_repair,4.0,3.85,1850.07,2026-08-11 13:08:28
JOB00323,VEH0024,EMP012,LOC002,brake_replacement,3.0,3.23,1131.84,2026-08-11 13:08:28
JOB00324,VEH0008,EMP020,LOC003,oil_change,1.0,0.88,78.41,2026-08-11 13:08:28
JOB00325,VEH0019,EMP005,LOC001,battery_replacement,1.0,0.83,181.91,2026-08-11 13:08:28
JOB00326,VEH0067,EMP027,LOC004,brake_replacement,3.0,2.81,984.28,2026-08-11 13:08:28
JOB00327,VEH0095,EMP034,LOC005,battery_replacement,1.0,1.26,277.85,2026-08-12 13:08:28
JOB00328,VEH0021,EMP035,LOC005,ac_repair,4.0,5.13,2462.8,2026-08-12 13:08:28
JOB00329,VEH0045,EMP005,LOC001,oil_change,1.0,1.3,116.01,2026-08-12 13:08:28
JOB00330,VEH0086,EMP026,LOC004,brake_replacement,3.0,2.52,882.63,2026-08-12 13:08:28
JOB00331,VEH0072,EMP014,LOC002,brake_replacement,3.0,2.53,885.03,2026-08-12 13:08:28
JOB00332,VEH0051,EMP006,LOC001,battery_replacement,1.0,1.28,281.22,2026-08-13 13:08:28
JOB00333,VEH0084,EMP027,LOC004,oil_change,1.0,1.09,96.74,2026-08-13 13:08:28
JOB00334,VEH0018,EMP035,LOC005,engine_repair,8.0,7.52,7148.66,2026-08-13 13:08:28
JOB00335,VEH0079,EMP035,LOC005,oil_change,1.0,1.32,117.59,2026-08-13 13:08:28
JOB00336,VEH0029,EMP026,LOC004,brake_replacement,3.0,2.46,862.48,2026-08-13 13:08:28
JOB00337,VEH0064,EMP012,LOC002,tire_rotation,0.5,0.51,24.78,2026-08-13 13:08:28
JOB00338,VEH0083,EMP026,LOC004,oil_change,1.0,1.26,112.29,2026-08-13 13:08:28
JOB00339,VEH0052,EMP005,LOC001,battery_replacement,1.0,0.92,201.97,2026-08-13 13:08:28
JOB00340,VEH0087,EMP034,LOC005,engine_repair,8.0,9.73,9241.67,2026-08-14 13:08:28
JOB00341,VEH0087,EMP012,LOC002,oil_change,1.0,1.22,108.18,2026-08-14 13:08:28
JOB00342,VEH0091,EMP028,LOC004,brake_replacement,3.0,3.71,1296.76,2026-08-14 13:08:28
JOB00343,VEH0075,EMP014,LOC002,battery_replacement,1.0,0.81,178.24,2026-08-14 13:08:28
JOB00344,VEH0014,EMP027,LOC004,tire_rotation,0.5,0.66,32.23,2026-08-14 13:08:28
JOB00345,VEH0011,EMP014,LOC002,engine_repair,8.0,7.81,7417.65,2026-08-14 13:08:28
JOB00346,VEH0099,EMP035,LOC005,transmission_service,5.0,4.91,3191.68,2026-08-14 13:08:28
JOB00347,VEH0039,EMP034,LOC005,ac_repair,4.0,5.02,2408.12,2026-08-15 13:08:28
JOB00348,VEH0077,EMP013,LOC002,oil_change,1.0,1.36,120.85,2026-08-15 13:08:28
JOB00349,VEH0084,EMP020,LOC003,oil_change,1.0,1.13,101.01,2026-08-15 13:08:28
JOB00350,VEH0017,EMP028,LOC004,battery_replacement,1.0,0.89,195.73,2026-08-15 13:08:28
JOB00351,VEH0018,EMP021,LOC003,battery_replacement,1.0,0.87,191.35,2026-08-15 13:08:28
JOB00352,VEH0031,EMP035,LOC005,tire_rotation,0.5,0.59,29.01,2026-08-16 13:08:28
JOB00353,VEH0092,EMP027,LOC004,oil_change,1.0,1.21,107.37,2026-08-16 13:08:28
JOB00354,VEH0015,EMP013,LOC002,engine_repair,8.0,7.26,6898.44,2026-08-16 13:08:28
JOB00355,VEH0019,EMP007,LOC001,transmission_service,5.0,6.02,3915.01,2026-08-16 13:08:28
JOB00356,VEH0068,EMP005,LOC001,ac_repair,4.0,5.39,2585.02,2026-08-16 13:08:28
JOB00357,VEH0048,EMP034,LOC005,transmission_service,5.0,6.7,4352.47,2026-08-17 13:08:28
JOB00358,VEH0097,EMP005,LOC001,transmission_service,5.0,6.74,4378.5,2026-08-17 13:08:28
JOB00359,VEH0059,EMP007,LOC001,engine_repair,8.0,9.74,9249.26,2026-08-17 13:08:28
JOB00360,VEH0097,EMP035,LOC005,transmission_service,5.0,6.19,4023.99,2026-08-17 13:08:28
JOB00361,VEH0008,EMP026,LOC004,tire_rotation,0.5,0.49,23.99,2026-08-17 13:08:28
JOB00362,VEH0073,EMP006,LOC001,ac_repair,4.0,4.96,2380.97,2026-08-17 13:08:28
JOB00363,VEH0055,EMP035,LOC005,battery_replacement,1.0,1.38,303.68,2026-08-18 13:08:28
JOB00364,VEH0016,EMP035,LOC005,ac_repair,4.0,5.29,2539.43,2026-08-18 13:08:28
JOB00365,VEH0095,EMP012,LOC002,tire_rotation,0.5,0.5,24.58,2026-08-18 13:08:28
JOB00366,VEH0093,EMP021,LOC003,ac_repair,4.0,4.48,2148.89,2026-08-18 13:08:28
JOB00367,VEH0030,EMP021,LOC003,oil_change,1.0,1.25,111.28,2026-08-18 13:08:28
JOB00368,VEH0075,EMP005,LOC001,transmission_service,5.0,5.94,3860.18,2026-08-18 13:08:28
JOB00369,VEH0088,EMP006,LOC001,battery_replacement,1.0,0.8,176.73,2026-08-18 13:08:28
JOB00370,VEH0081,EMP021,LOC003,tire_rotation,0.5,0.69,33.69,2026-08-18 13:08:28
JOB00371,VEH0085,EMP012,LOC002,brake_replacement,3.0,3.73,1305.16,2026-08-18 13:08:28
JOB00372,VEH0065,EMP033,LOC005,battery_replacement,1.0,1.14,249.76,2026-08-18 13:08:28
JOB00373,VEH0013,EMP033,LOC005,transmission_service,5.0,5.15,3350.49,2026-08-19 13:08:28
JOB00374,VEH0054,EMP006,LOC001,oil_change,1.0,0.91,80.68,2026-08-19 13:08:28
JOB00375,VEH0071,EMP013,LOC002,ac_repair,4.0,3.77,1811.34,2026-08-19 13:08:28
JOB00376,VEH0028,EMP013,LOC002,oil_change,1.0,1.12,99.4,2026-08-19 13:08:28
JOB00377,VEH0037,EMP005,LOC001,brake_replacement,3.0,3.09,1082.41,2026-08-19 13:08:28
JOB00378,VEH0025,EMP014,LOC002,transmission_service,5.0,6.54,4249.97,2026-08-20 13:08:28
JOB00379,VEH0081,EMP028,LOC004,battery_replacement,1.0,0.96,211.26,2026-08-20 13:08:28
JOB00380,VEH0041,EMP020,LOC003,engine_repair,8.0,7.42,7048.05,2026-08-20 13:08:28
JOB00381,VEH0078,EMP026,LOC004,tire_rotation,0.5,0.41,20.26,2026-08-20 13:08:28
JOB00382,VEH0029,EMP028,LOC004,battery_replacement,1.0,0.99,217.99,2026-08-20 13:08:28
JOB00383,VEH0071,EMP005,LOC001,tire_rotation,0.5,0.69,33.65,2026-08-20 13:08:28
JOB00384,VEH0038,EMP014,LOC002,transmission_service,5.0,5.42,3520.83,2026-08-20 13:08:28
JOB00385,VEH0009,EMP012,LOC002,oil_change,1.0,1.36,120.81,2026-08-20 13:08:28
JOB00386,VEH0088,EMP006,LOC001,tire_rotation,0.5,0.64,31.23,2026-08-21 13:08:28
JOB00387,VEH0016,EMP035,LOC005,engine_repair,8.0,9.66,9176.37,2026-08-21 13:08:28
JOB00388,VEH0050,EMP034,LOC005,engine_repair,8.0,10.87,10323.03,2026-08-21 13:08:28
JOB00389,VEH0057,EMP033,LOC005,brake_replacement,3.0,3.82,1338.58,2026-08-21 13:08:28
JOB00390,VEH0075,EMP006,LOC001,tire_rotation,0.5,0.6,29.52,2026-08-21 13:08:28
JOB00391,VEH0001,EMP012,LOC002,brake_replacement,3.0,2.56,896.35,2026-08-22 13:08:28
JOB00392,VEH0025,EMP027,LOC004,oil_change,1.0,0.87,77.09,2026-08-22 13:08:28
JOB00393,VEH0016,EMP013,LOC002,engine_repair,8.0,6.78,6440.25,2026-08-22 13:08:28
JOB00394,VEH0056,EMP006,LOC001,ac_repair,4.0,3.92,1880.13,2026-08-22 13:08:28
JOB00395,VEH0007,EMP027,LOC004,engine_repair,8.0,11.12,10565.41,2026-08-22 13:08:28
JOB00396,VEH0011,EMP005,LOC001,engine_repair,8.0,8.72,8287.03,2026-08-22 13:08:28
JOB00397,VEH0013,EMP007,LOC001,engine_repair,8.0,6.41,6091.85,2026-08-23 13:08:28
JOB00398,VEH0056,EMP020,LOC003,brake_replacement,3.0,3.01,1054.06,2026-08-23 13:08:28
JOB00399,VEH0041,EMP035,LOC005,brake_replacement,3.0,3.29,1150.04,2026-08-23 13:08:28
JOB00400,VEH0032,EMP027,LOC004,oil_change,1.0,1.16,102.93,2026-08-23 13:08:28
JOB00401,VEH0068,EMP026,LOC004,battery_replacement,1.0,0.9,197.78,2026-08-23 13:08:28
JOB00402,VEH0074,EMP026,LOC004,brake_replacement,3.0,3.34,1168.65,2026-08-23 13:08:28
JOB00403,VEH0080,EMP013,LOC002,engine_repair,8.0,8.73,8294.32,2026-08-23 13:08:28
JOB00404,VEH0049,EMP027,LOC004,battery_replacement,1.0,0.84,183.98,2026-08-23 13:08:28
JOB00405,VEH0049,EMP035,LOC005,brake_replacement,3.0,3.08,1078.26,2026-08-24 13:08:28
JOB00406,VEH0038,EMP021,LOC003,ac_repair,4.0,4.28,2052.04,2026-08-24 13:08:28
JOB00407,VEH0039,EMP013,LOC002,brake_replacement,3.0,3.08,1077.69,2026-08-24 13:08:28
JOB00408,VEH0054,EMP006,LOC001,transmission_service,5.0,5.84,3795.82,2026-08-24 13:08:28
JOB00409,VEH0001,EMP021,LOC003,oil_change,1.0,1.21,107.98,2026-08-24 13:08:28
JOB00410,VEH0044,EMP034,LOC005,ac_repair,4.0,5.23,2512.47,2026-08-25 13:08:28
JOB00411,VEH0042,EMP027,LOC004,transmission_service,5.0,5.08,3299.23,2026-08-25 13:08:28
JOB00412,VEH0040,EMP033,LOC005,engine_repair,8.0,9.22,8757.19,2026-08-25 13:08:28
JOB00413,VEH0014,EMP007,LOC001,ac_repair,4.0,5.44,2612.97,2026-08-25 13:08:28
JOB00414,VEH0005,EMP026,LOC004,ac_repair,4.0,4.38,2104.09,2026-08-25 13:08:28
JOB00415,VEH0092,EMP007,LOC001,battery_replacement,1.0,1.12,247.29,2026-08-25 13:08:28
JOB00416,VEH0004,EMP020,LOC003,ac_repair,4.0,5.31,2549.51,2026-08-25 13:08:28
JOB00417,VEH0071,EMP034,LOC005,oil_change,1.0,1.27,113.15,2026-08-25 13:08:28
JOB00418,VEH0040,EMP012,LOC002,transmission_service,5.0,4.46,2900.01,2026-08-25 13:08:28
JOB00419,VEH0062,EMP005,LOC001,battery_replacement,1.0,1.3,285.69,2026-08-25 13:08:28
JOB00420,VEH0024,EMP019,LOC003,tire_rotation,0.5,0.49,23.89,2026-08-25 13:08:28
JOB00421,VEH0007,EMP014,LOC002,oil_change,1.0,1.03,91.57,2026-08-26 13:08:28
JOB00422,VEH0079,EMP021,LOC003,transmission_service,5.0,5.75,3734.86,2026-08-26 13:08:28
JOB00423,VEH0055,EMP005,LOC001,engine_repair,8.0,6.87,6530.03,2026-08-26 13:08:28
JOB00424,VEH0004,EMP005,LOC001,brake_replacement,3.0,2.71,948.93,2026-08-26 13:08:28
JOB00425,VEH0019,EMP035,LOC005,tire_rotation,0.5,0.54,26.44,2026-08-26 13:08:28
JOB00426,VEH0086,EMP019,LOC003,tire_rotation,0.5,0.62,30.61,2026-08-26 13:08:28
JOB00427,VEH0022,EMP028,LOC004,transmission_service,5.0,5.63,3660.02,2026-08-26 13:08:28
JOB00428,VEH0016,EMP028,LOC004,ac_repair,4.0,5.07,2434.16,2026-08-26 13:08:28
JOB00429,VEH0049,EMP014,LOC002,transmission_service,5.0,4.29,2790.46,2026-08-27 13:08:28
JOB00430,VEH0076,EMP033,LOC005,oil_change,1.0,0.94,83.27,2026-08-27 13:08:28
JOB00431,VEH0036,EMP014,LOC002,transmission_service,5.0,6.63,4309.82,2026-08-27 13:08:28
JOB00432,VEH0045,EMP006,LOC001,battery_replacement,1.0,1.08,236.65,2026-08-27 13:08:28
JOB00433,VEH0097,EMP034,LOC005,transmission_service,5.0,4.31,2801.1,2026-08-27 13:08:28
JOB00434,VEH0083,EMP028,LOC004,tire_rotation,0.5,0.49,24.05,2026-08-27 13:08:28
JOB00435,VEH0021,EMP006,LOC001,brake_replacement,3.0,3.9,1364.2,2026-08-27 13:08:28
JOB00436,VEH0058,EMP012,LOC002,transmission_service,5.0,6.28,4084.38,2026-08-27 13:08:28
JOB00437,VEH0077,EMP019,LOC003,transmission_service,5.0,6.75,4384.88,2026-08-27 13:08:28
JOB00438,VEH0071,EMP006,LOC001,engine_repair,8.0,9.71,9219.97,2026-08-27 13:08:28
JOB00439,VEH0092,EMP027,LOC004,ac_repair,4.0,5.09,2442.6,2026-08-28 13:08:28
JOB00440,VEH0043,EMP019,LOC003,brake_replacement,3.0,3.71,1296.76,2026-08-28 13:08:28
JOB00441,VEH0057,EMP013,LOC002,transmission_service,5.0,5.41,3513.72,2026-08-28 13:08:28
JOB00442,VEH0038,EMP035,LOC005,transmission_service,5.0,6.87,4466.49,2026-08-28 13:08:28
JOB00443,VEH0038,EMP027,LOC004,transmission_service,5.0,5.44,3536.12,2026-08-28 13:08:28
JOB00444,VEH0061,EMP012,LOC002,transmission_service,5.0,4.32,2804.98,2026-08-28 13:08:28
JOB00445,VEH0041,EMP013,LOC002,engine_repair,8.0,10.91,10366.26,2026-08-29 13:08:28
JOB00446,VEH0049,EMP021,LOC003,oil_change,1.0,1.22,108.72,2026-08-29 13:08:28
JOB00447,VEH0026,EMP033,LOC005,engine_repair,8.0,10.03,9530.27,2026-08-29 13:08:28
JOB00448,VEH0036,EMP006,LOC001,oil_change,1.0,0.82,72.82,2026-08-29 13:08:28
JOB00449,VEH0054,EMP007,LOC001,ac_repair,4.0,4.57,2193.37,2026-08-29 13:08:28
JOB00450,VEH0100,EMP014,LOC002,battery_replacement,1.0,1.11,243.37,2026-08-29 13:08:28
JOB00451,VEH0044,EMP035,LOC005,tire_rotation,0.5,0.53,25.83,2026-08-29 13:08:28
JOB00452,VEH0020,EMP012,LOC002,battery_replacement,1.0,0.95,209.54,2026-08-29 13:08:28
JOB00453,VEH0081,EMP007,LOC001,ac_repair,4.0,4.87,2338.56,2026-08-29 13:08:28
JOB00454,VEH0096,EMP033,LOC005,ac_repair,4.0,4.25,2041.6,2026-08-29 13:08:28
JOB00455,VEH0091,EMP005,LOC001,oil_change,1.0,1.28,113.74,2026-08-30 13:08:28
JOB00456,VEH0056,EMP006,LOC001,battery_replacement,1.0,1.32,290.86,2026-08-30 13:08:28
JOB00457,VEH0083,EMP006,LOC001,transmission_service,5.0,6.94,4510.17,2026-08-30 13:08:28
JOB00458,VEH0063,EMP013,LOC002,tire_rotation,0.5,0.56,27.57,2026-08-30 13:08:28
JOB00459,VEH0008,EMP034,LOC005,tire_rotation,0.5,0.6,29.5,2026-08-30 13:08:28
JOB00460,VEH0047,EMP035,LOC005,tire_rotation,0.5,0.43,20.93,2026-08-30 13:08:28
JOB00461,VEH0073,EMP034,LOC005,ac_repair,4.0,3.45,1657.6,2026-08-30 13:08:28
JOB00462,VEH0050,EMP035,LOC005,engine_repair,8.0,6.56,6230.95,2026-08-30 13:08:28
JOB00463,VEH0095,EMP028,LOC004,brake_replacement,3.0,3.78,1324.61,2026-08-30 13:08:28
JOB00464,VEH0040,EMP027,LOC004,engine_repair,8.0,8.6,8170.38,2026-08-30 13:08:28
JOB00465,VEH0098,EMP021,LOC003,transmission_service,5.0,5.51,3578.8,2026-08-30 13:08:28
JOB00466,VEH0072,EMP014,LOC002,ac_repair,4.0,4.09,1961.87,2026-08-31 13:08:28
JOB00467,VEH0073,EMP006,LOC001,battery_replacement,1.0,0.87,191.17,2026-08-31 13:08:28
JOB00468,VEH0075,EMP007,LOC001,transmission_service,5.0,6.27,4074.57,2026-08-31 13:08:28
JOB00469,VEH0094,EMP027,LOC004,ac_repair,4.0,4.89,2349.5,2026-08-31 13:08:28
JOB00470,VEH0094,EMP020,LOC003,oil_change,1.0,1.34,119.24,2026-08-31 13:08:28
JOB00471,VEH0069,EMP020,LOC003,ac_repair,4.0,4.65,2229.68,2026-08-31 13:08:28
JOB00472,VEH0027,EMP019,LOC003,battery_replacement,1.0,1.05,232.0,2026-08-31 13:08:28
JOB00473,VEH0068,EMP019,LOC003,brake_replacement,3.0,2.7,943.66,2026-09-01 13:08:28
JOB00474,VEH0054,EMP014,LOC002,ac_repair,4.0,4.7,2258.37,2026-09-01 13:08:28
JOB00475,VEH0031,EMP014,LOC002,ac_repair,4.0,4.67,2241.08,2026-09-01 13:08:28
JOB00476,VEH0097,EMP028,LOC004,engine_repair,8.0,8.35,7932.51,2026-09-01 13:08:28
JOB00477,VEH0073,EMP034,LOC005,oil_change,1.0,1.11,99.03,2026-09-01 13:08:28
JOB00478,VEH0001,EMP012,LOC002,tire_rotation,0.5,0.63,30.76,2026-09-02 13:08:28
JOB00479,VEH0008,EMP007,LOC001,engine_repair,8.0,10.12,9609.28,2026-09-02 13:08:28
JOB00480,VEH0083,EMP005,LOC001,tire_rotation,0.5,0.44,21.64,2026-09-02 13:08:28
JOB00481,VEH0023,EMP014,LOC002,oil_change,1.0,0.9,80.17,2026-09-02 13:08:28
JOB00482,VEH0065,EMP033,LOC005,ac_repair,4.0,3.4,1629.79,2026-09-02 13:08:28
JOB00483,VEH0079,EMP027,LOC004,battery_replacement,1.0,0.85,186.36,2026-09-02 13:08:28
JOB00484,VEH0022,EMP033,LOC005,oil_change,1.0,0.85,75.72,2026-09-02 13:08:28
JOB00485,VEH0062,EMP020,LOC003,tire_rotation,0.5,0.68,33.27,2026-09-02 13:08:28
JOB00486,VEH0077,EMP006,LOC001,engine_repair,8.0,11.14,10578.85,2026-09-03 13:08:28
JOB00487,VEH0087,EMP019,LOC003,transmission_service,5.0,4.08,2652.22,2026-09-03 13:08:28
JOB00488,VEH0078,EMP033,LOC005,transmission_service,5.0,6.59,4284.6,2026-09-03 13:08:28
JOB00489,VEH0082,EMP006,LOC001,tire_rotation,0.5,0.62,30.22,2026-09-03 13:08:28
JOB00490,VEH0079,EMP019,LOC003,engine_repair,8.0,8.77,8330.46,2026-09-03 13:08:28
JOB00491,VEH0041,EMP035,LOC005,engine_repair,8.0,9.66,9175.67,2026-09-03 13:08:28
JOB00492,VEH0063,EMP033,LOC005,tire_rotation,0.5,0.58,28.35,2026-09-04 13:08:28
JOB00493,VEH0045,EMP005,LOC001,tire_rotation,0.5,0.55,26.73,2026-09-04 13:08:28
JOB00494,VEH0034,EMP026,LOC004,ac_repair,4.0,4.35,2089.48,2026-09-04 13:08:28
JOB00495,VEH0095,EMP019,LOC003,transmission_service,5.0,4.95,3216.97,2026-09-04 13:08:28
JOB00496,VEH0070,EMP034,LOC005,tire_rotation,0.5,0.5,24.68,2026-09-04 13:08:28
JOB00497,VEH0079,EMP026,LOC004,brake_replacement,3.0,3.74,1308.93,2026-09-04 13:08:28
JOB00498,VEH0093,EMP026,LOC004,transmission_service,5.0,5.81,3774.56,2026-09-04 13:08:28
JOB00499,VEH0057,EMP006,LOC001,brake_replacement,3.0,2.47,864.91,2026-09-05 13:08:28
JOB00500,VEH0008,EMP021,LOC003,brake_replacement,3.0,3.9,1364.09,2026-09-05 13:08:28
JOB00501,VEH0078,EMP012,LOC002,engine_repair,8.0,10.24,9727.4,2026-09-05 13:08:28
JOB00502,VEH0078,EMP019,LOC003,oil_change,1.0,0.94,83.38,2026-09-05 13:08:28
JOB00503,VEH0007,EMP020,LOC003,transmission_service,5.0,6.89,4478.05,2026-09-05 13:08:28
JOB00504,VEH0086,EMP028,LOC004,oil_change,1.0,1.33,118.46,2026-09-05 13:08:28
JOB00505,VEH0092,EMP026,LOC004,ac_repair,4.0,3.26,1566.18,2026-09-05 13:08:28
JOB00506,VEH0030,EMP028,LOC004,ac_repair,4.0,3.66,1754.57,2026-09-06 13:08:28
JOB00507,VEH0083,EMP033,LOC005,transmission_service,5.0,4.81,3127.26,2026-09-06 13:08:28
JOB00508,VEH0092,EMP012,LOC002,brake_replacement,3.0,3.59,1257.54,2026-09-06 13:08:28
JOB00509,VEH0038,EMP020,LOC003,ac_repair,4.0,4.34,2083.31,2026-09-06 13:08:28
JOB00510,VEH0082,EMP033,LOC005,ac_repair,4.0,3.62,1737.49,2026-09-06 13:08:28
JOB00511,VEH0006,EMP026,LOC004,brake_replacement,3.0,3.24,1132.4,2026-09-06 13:08:28
JOB00512,VEH0021,EMP012,LOC002,brake_replacement,3.0,2.96,1036.91,2026-09-06 13:08:28
JOB00513,VEH0032,EMP013,LOC002,brake_replacement,3.0,3.05,1069.02,2026-09-06 13:08:28
JOB00514,VEH0064,EMP020,LOC003,oil_change,1.0,1.27,113.0,2026-09-06 13:08:28
JOB00515,VEH0024,EMP021,LOC003,ac_repair,4.0,4.61,2212.6,2026-09-06 13:08:28
JOB00516,VEH0053,EMP034,LOC005,battery_replacement,1.0,1.16,254.8,2026-09-06 13:08:28
JOB00517,VEH0022,EMP005,LOC001,tire_rotation,0.5,0.62,30.33,2026-09-06 13:08:28
JOB00518,VEH0018,EMP020,LOC003,tire_rotation,0.5,0.69,34.02,2026-09-07 13:08:28
JOB00519,VEH0060,EMP019,LOC003,brake_replacement,3.0,3.64,1273.22,2026-09-07 13:08:28
JOB00520,VEH0080,EMP027,LOC004,tire_rotation,0.5,0.53,25.77,2026-09-07 13:08:28
JOB00521,VEH0054,EMP033,LOC005,tire_rotation,0.5,0.53,25.74,2026-09-07 13:08:28
JOB00522,VEH0051,EMP012,LOC002,brake_replacement,3.0,3.1,1083.46,2026-09-07 13:08:28
JOB00523,VEH0015,EMP005,LOC001,tire_rotation,0.5,0.53,25.97,2026-09-07 13:08:28
JOB00524,VEH0027,EMP035,LOC005,oil_change,1.0,1.18,105.09,2026-09-07 13:08:28
JOB00525,VEH0019,EMP006,LOC001,oil_change,1.0,1.24,110.02,2026-09-07 13:08:28
JOB00526,VEH0085,EMP034,LOC005,battery_replacement,1.0,1.0,220.69,2026-09-07 13:08:28
JOB00527,VEH0053,EMP026,LOC004,transmission_service,5.0,5.0,3252.46,2026-09-07 13:08:28
JOB00528,VEH0038,EMP013,LOC002,tire_rotation,0.5,0.68,33.5,2026-09-07 13:08:28
JOB00529,VEH0096,EMP021,LOC003,engine_repair,8.0,9.51,9036.11,2026-09-07 13:08:28
JOB00530,VEH0084,EMP020,LOC003,brake_replacement,3.0,2.53,884.45,2026-09-08 13:08:28
JOB00531,VEH0045,EMP021,LOC003,battery_replacement,1.0,1.14,250.67,2026-09-08 13:08:28
JOB00532,VEH0085,EMP005,LOC001,ac_repair,4.0,4.18,2005.86,2026-09-08 13:08:28
JOB00533,VEH0066,EMP007,LOC001,engine_repair,8.0,8.11,7701.66,2026-09-08 13:08:28
JOB00534,VEH0047,EMP014,LOC002,battery_replacement,1.0,1.28,282.12,2026-09-08 13:08:28
JOB00535,VEH0035,EMP013,LOC002,oil_change,1.0,1.26,112.33,2026-09-09 13:08:28
JOB00536,VEH0096,EMP007,LOC001,brake_replacement,3.0,3.94,1377.85,2026-09-09 13:08:28
JOB00537,VEH0020,EMP019,LOC003,brake_replacement,3.0,4.04,1413.44,2026-09-09 13:08:28
JOB00538,VEH0060,EMP026,LOC004,tire_rotation,0.5,0.5,24.73,2026-09-09 13:08:28
JOB00539,VEH0044,EMP033,LOC005,engine_repair,8.0,9.33,8865.83,2026-09-09 13:08:28
JOB00540,VEH0029,EMP028,LOC004,transmission_service,5.0,6.3,4097.27,2026-09-09 13:08:28
JOB00541,VEH0037,EMP014,LOC002,battery_replacement,1.0,0.9,198.15,2026-09-09 13:08:28
JOB00542,VEH0078,EMP014,LOC002,oil_change,1.0,1.02,90.44,2026-09-09 13:08:28
JOB00543,VEH0026,EMP020,LOC003,engine_repair,8.0,7.48,7108.39,2026-09-09 13:08:28
JOB00544,VEH0012,EMP027,LOC004,battery_replacement,1.0,0.97,213.67,2026-09-10 13:08:28
JOB00545,VEH0044,EMP012,LOC002,tire_rotation,0.5,0.44,21.52,2026-09-10 13:08:28
JOB00546,VEH0044,EMP027,LOC004,oil_change,1.0,1.29,114.85,2026-09-10 13:08:28
JOB00547,VEH0062,EMP005,LOC001,oil_change,1.0,1.28,113.72,2026-09-10 13:08:28
JOB00548,VEH0044,EMP012,LOC002,battery_replacement,1.0,1.26,277.6,2026-09-10 13:08:28
JOB00549,VEH0065,EMP005,LOC001,engine_repair,8.0,7.72,7338.36,2026-09-10 13:08:28
JOB00550,VEH0027,EMP026,LOC004,brake_replacement,3.0,3.6,1259.93,2026-09-11 13:08:28
JOB00551,VEH0036,EMP007,LOC001,ac_repair,4.0,4.78,2293.56,2026-09-11 13:08:28
JOB00552,VEH0015,EMP012,LOC002,engine_repair,8.0,9.03,8579.23,2026-09-11 13:08:28
JOB00553,VEH0088,EMP012,LOC002,ac_repair,4.0,5.44,2612.81,2026-09-11 13:08:28
JOB00554,VEH0017,EMP028,LOC004,ac_repair,4.0,4.78,2296.61,2026-09-11 13:08:28
JOB00555,VEH0019,EMP005,LOC001,transmission_service,5.0,5.07,3293.87,2026-09-11 13:08:28
JOB00556,VEH0083,EMP019,LOC003,transmission_service,5.0,5.88,3825.22,2026-09-11 13:08:28
JOB00557,VEH0094,EMP006,LOC001,ac_repair,4.0,4.95,2378.2,2026-09-11 13:08:28
JOB00558,VEH0098,EMP007,LOC001,battery_replacement,1.0,1.21,267.16,2026-09-11 13:08:28
JOB00559,VEH0069,EMP035,LOC005,oil_change,1.0,1.2,107.07,2026-09-12 13:08:28
JOB00560,VEH0069,EMP012,LOC002,engine_repair,8.0,6.51,6188.37,2026-09-12 13:08:28
JOB00561,VEH0061,EMP005,LOC001,tire_rotation,0.5,0.5,24.31,2026-09-12 13:08:28
JOB00562,VEH0003,EMP033,LOC005,battery_replacement,1.0,1.31,288.05,2026-09-12 13:08:28
JOB00563,VEH0035,EMP020,LOC003,oil_change,1.0,0.93,82.56,2026-09-12 13:08:28
JOB00564,VEH0034,EMP014,LOC002,engine_repair,8.0,9.37,8901.51,2026-09-13 13:08:28
JOB00565,VEH0060,EMP028,LOC004,engine_repair,8.0,6.45,6123.35,2026-09-13 13:08:28
JOB00566,VEH0075,EMP028,LOC004,transmission_service,5.0,6.2,4028.13,2026-09-13 13:08:28
JOB00567,VEH0017,EMP020,LOC003,transmission_service,5.0,6.16,4002.93,2026-09-13 13:08:28
JOB00568,VEH0091,EMP005,LOC001,ac_repair,4.0,4.09,1962.43,2026-09-13 13:08:28
JOB00569,VEH0061,EMP007,LOC001,ac_repair,4.0,4.67,2243.31,2026-09-13 13:08:28
JOB00570,VEH0078,EMP019,LOC003,oil_change,1.0,0.96,85.88,2026-09-13 13:08:28
JOB00571,VEH0062,EMP027,LOC004,oil_change,1.0,1.39,123.8,2026-09-13 13:08:28
JOB00572,VEH0019,EMP033,LOC005,transmission_service,5.0,6.7,4353.81,2026-09-13 13:08:28
JOB00573,VEH0006,EMP014,LOC002,battery_replacement,1.0,1.4,307.18,2026-09-14 13:08:29
JOB00574,VEH0057,EMP006,LOC001,ac_repair,4.0,4.61,2214.35,2026-09-14 13:08:29
JOB00575,VEH0085,EMP012,LOC002,oil_change,1.0,1.0,89.23,2026-09-14 13:08:29
JOB00576,VEH0012,EMP027,LOC004,brake_replacement,3.0,3.05,1065.84,2026-09-14 13:08:29
JOB00577,VEH0081,EMP014,LOC002,oil_change,1.0,0.91,81.07,2026-09-14 13:08:29
JOB00578,VEH0008,EMP020,LOC003,ac_repair,4.0,4.16,1997.15,2026-09-14 13:08:29
JOB00579,VEH0052,EMP013,LOC002,battery_replacement,1.0,1.3,285.44,2026-09-14 13:08:29
JOB00580,VEH0004,EMP013,LOC002,brake_replacement,3.0,3.61,1263.11,2026-09-15 13:08:29
JOB00581,VEH0048,EMP013,LOC002,brake_replacement,3.0,3.14,1098.32,2026-09-15 13:08:29
JOB00582,VEH0027,EMP013,LOC002,transmission_service,5.0,4.7,3052.15,2026-09-15 13:08:29
JOB00583,VEH0049,EMP027,LOC004,transmission_service,5.0,6.72,4366.57,2026-09-15 13:08:29
JOB00584,VEH0044,EMP007,LOC001,oil_change,1.0,0.83,74.31,2026-09-15 13:08:29
JOB00585,VEH0100,EMP019,LOC003,tire_rotation,0.5,0.7,34.25,2026-09-15 13:08:29
JOB00586,VEH0100,EMP014,LOC002,battery_replacement,1.0,1.33,292.1,2026-09-15 13:08:29
JOB00587,VEH0093,EMP007,LOC001,ac_repair,4.0,3.33,1596.18,2026-09-15 13:08:29
JOB00588,VEH0099,EMP021,LOC003,brake_replacement,3.0,3.79,1325.06,2026-09-15 13:08:29
JOB00589,VEH0086,EMP020,LOC003,oil_change,1.0,1.12,100.04,2026-09-16 13:08:29
JOB00590,VEH0027,EMP014,LOC002,ac_repair,4.0,5.51,2646.95,2026-09-16 13:08:29
JOB00591,VEH0055,EMP007,LOC001,ac_repair,4.0,4.31,2066.47,2026-09-16 13:08:29
JOB00592,VEH0071,EMP014,LOC002,ac_repair,4.0,4.89,2347.05,2026-09-16 13:08:29
JOB00593,VEH0097,EMP034,LOC005,ac_repair,4.0,3.49,1672.87,2026-09-16 13:08:29
JOB00594,VEH0098,EMP020,LOC003,battery_replacement,1.0,1.35,296.73,2026-09-16 13:08:29
JOB00595,VEH0064,EMP033,LOC005,oil_change,1.0,0.95,84.4,2026-09-16 13:08:29
JOB00596,VEH0044,EMP034,LOC005,ac_repair,4.0,3.76,1804.47,2026-09-16 13:08:29
JOB00597,VEH0042,EMP027,LOC004,engine_repair,8.0,7.8,7406.18,2026-09-17 13:08:29
JOB00598,VEH0081,EMP014,LOC002,ac_repair,4.0,3.84,1840.99,2026-09-17 13:08:29
JOB00599,VEH0023,EMP033,LOC005,transmission_service,5.0,4.7,3056.84,2026-09-17 13:08:29
JOB00600,VEH0008,EMP026,LOC004,engine_repair,8.0,7.44,7064.92,2026-09-17 13:08:29
JOB00601,VEH0100,EMP014,LOC002,ac_repair,4.0,4.79,2301.44,2026-09-17 13:08:29
JOB00602,VEH0096,EMP028,LOC004,engine_repair,8.0,7.67,7289.36,2026-09-17 13:08:29
JOB00603,VEH0043,EMP019,LOC003,oil_change,1.0,0.82,72.77,2026-09-18 13:08:29
JOB00604,VEH0090,EMP019,LOC003,battery_replacement,1.0,1.06,234.11,2026-09-18 13:08:29
JOB00605,VEH0077,EMP014,LOC002,ac_repair,4.0,3.22,1546.7,2026-09-18 13:08:29
JOB00606,VEH0084,EMP027,LOC004,transmission_service,5.0,6.82,4432.16,2026-09-18 13:08:29
JOB00607,VEH0047,EMP027,LOC004,brake_replacement,3.0,2.96,1035.84,2026-09-18 13:08:29
JOB00608,VEH0037,EMP034,LOC005,transmission_service,5.0,5.43,3530.08,2026-09-18 13:08:29
JOB00609,VEH0092,EMP007,LOC001,ac_repair,4.0,5.38,2583.14,2026-09-19 13:08:29
JOB00610,VEH0097,EMP021,LOC003,tire_rotation,0.5,0.5,24.59,2026-09-19 13:08:29
JOB00611,VEH0020,EMP019,LOC003,tire_rotation,0.5,0.52,25.35,2026-09-19 13:08:29
JOB00612,VEH0034,EMP005,LOC001,engine_repair,8.0,8.09,7685.46,2026-09-19 13:08:29
JOB00613,VEH0079,EMP019,LOC003,tire_rotation,0.5,0.67,32.71,2026-09-19 13:08:29
JOB00614,VEH0035,EMP034,LOC005,ac_repair,4.0,4.51,2166.65,2026-09-19 13:08:29
JOB00615,VEH0084,EMP027,LOC004,tire_rotation,0.5,0.53,25.8,2026-09-20 13:08:29
JOB00616,VEH0017,EMP019,LOC003,engine_repair,8.0,8.04,7637.25,2026-09-20 13:08:29
JOB00617,VEH0075,EMP005,LOC001,ac_repair,4.0,4.56,2189.15,2026-09-20 13:08:29
JOB00618,VEH0015,EMP019,LOC003,transmission_service,5.0,5.76,3743.97,2026-09-20 13:08:29
JOB00619,VEH0010,EMP013,LOC002,brake_replacement,3.0,2.53,884.93,2026-09-20 13:08:29
JOB00620,VEH0009,EMP013,LOC002,ac_repair,4.0,3.75,1797.94,2026-09-21 13:08:29
JOB00621,VEH0049,EMP027,LOC004,engine_repair,8.0,10.25,9741.61,2026-09-21 13:08:29
JOB00622,VEH0012,EMP006,LOC001,transmission_service,5.0,6.25,4063.73,2026-09-21 13:08:29
JOB00623,VEH0052,EMP033,LOC005,tire_rotation,0.5,0.6,29.41,2026-09-21 13:08:29
JOB00624,VEH0030,EMP005,LOC001,ac_repair,4.0,3.39,1626.31,2026-09-21 13:08:29
JOB00625,VEH0040,EMP027,LOC004,oil_change,1.0,0.85,75.69,2026-09-21 13:08:29
JOB00626,VEH0089,EMP035,LOC005,brake_replacement,3.0,4.19,1466.34,2026-09-21 13:08:29
JOB00627,VEH0065,EMP033,LOC005,transmission_service,5.0,4.22,2744.15,2026-09-21 13:08:29
JOB00628,VEH0043,EMP035,LOC005,battery_replacement,1.0,0.83,182.29,2026-09-21 13:08:29
JOB00629,VEH0040,EMP033,LOC005,transmission_service,5.0,6.3,4095.49,2026-09-22 13:08:29
JOB00630,VEH0066,EMP026,LOC004,brake_replacement,3.0,3.51,1228.86,2026-09-22 13:08:29
JOB00631,VEH0084,EMP034,LOC005,battery_replacement,1.0,1.3,286.15,2026-09-22 13:08:29
JOB00632,VEH0065,EMP034,LOC005,tire_rotation,0.5,0.6,29.54,2026-09-22 13:08:29
JOB00633,VEH0090,EMP006,LOC001,ac_repair,4.0,4.62,2219.21,2026-09-22 13:08:29
JOB00634,VEH0001,EMP006,LOC001,tire_rotation,0.5,0.66,32.5,2026-09-22 13:08:29
JOB00635,VEH0067,EMP006,LOC001,engine_repair,8.0,7.65,7270.92,2026-09-22 13:08:29
JOB00636,VEH0091,EMP033,LOC005,tire_rotation,0.5,0.46,22.41,2026-09-22 13:08:29
JOB00637,VEH0011,EMP035,LOC005,transmission_service,5.0,4.24,2754.98,2026-09-22 13:08:29
JOB00638,VEH0072,EMP028,LOC004,transmission_service,5.0,4.32,2809.01,2026-09-22 13:08:29
JOB00639,VEH0031,EMP012,LOC002,oil_change,1.0,1.06,94.71,2026-09-22 13:08:29
JOB00640,VEH0024,EMP026,LOC004,ac_repair,4.0,3.51,1685.84,2026-09-23 13:08:29
JOB00641,VEH0023,EMP019,LOC003,battery_replacement,1.0,1.03,225.99,2026-09-23 13:08:29
JOB00642,VEH0076,EMP012,LOC002,oil_change,1.0,0.95,84.97,2026-09-23 13:08:29
JOB00643,VEH0078,EMP007,LOC001,brake_replacement,3.0,3.22,1127.89,2026-09-23 13:08:29
JOB00644,VEH0057,EMP033,LOC005,brake_replacement,3.0,2.77,969.28,2026-09-23 13:08:29
JOB00645,VEH0066,EMP007,LOC001,engine_repair,8.0,7.94,7544.81,2026-09-23 13:08:29
JOB00646,VEH0026,EMP006,LOC001,engine_repair,8.0,10.45,9927.11,2026-09-23 13:08:29
JOB00647,VEH0090,EMP007,LOC001,battery_replacement,1.0,0.99,218.75,2026-09-23 13:08:29
JOB00648,VEH0006,EMP007,LOC001,battery_replacement,1.0,1.0,220.42,2026-09-23 13:08:29
JOB00649,VEH0035,EMP020,LOC003,brake_replacement,3.0,3.36,1174.32,2026-09-23 13:08:29
JOB00650,VEH0099,EMP006,LOC001,tire_rotation,0.5,0.6,29.27,2026-09-23 13:08:29
JOB00651,VEH0079,EMP026,LOC004,tire_rotation,0.5,0.5,24.68,2026-09-24 13:08:29
JOB00652,VEH0095,EMP035,LOC005,brake_replacement,3.0,2.71,946.9,2026-09-24 13:08:29
JOB00653,VEH0022,EMP019,LOC003,ac_repair,4.0,4.02,1930.13,2026-09-24 13:08:29
JOB00654,VEH0058,EMP012,LOC002,brake_replacement,3.0,3.46,1209.51,2026-09-24 13:08:29
JOB00655,VEH0004,EMP012,LOC002,battery_replacement,1.0,1.12,247.37,2026-09-24 13:08:29
JOB00656,VEH0017,EMP014,LOC002,transmission_service,5.0,4.3,2797.18,2026-09-24 13:08:29
JOB00657,VEH0057,EMP014,LOC002,ac_repair,4.0,5.49,2635.93,2026-09-24 13:08:29
JOB00658,VEH0094,EMP019,LOC003,brake_replacement,3.0,3.9,1364.57,2026-09-24 13:08:29
JOB00659,VEH0010,EMP034,LOC005,battery_replacement,1.0,1.1,240.98,2026-09-24 13:08:29
JOB00660,VEH0048,EMP007,LOC001,battery_replacement,1.0,1.27,279.72,2026-09-24 13:08:29
JOB00661,VEH0044,EMP028,LOC004,tire_rotation,0.5,0.7,34.23,2026-09-24 13:08:29
JOB00662,VEH0039,EMP012,LOC002,transmission_service,5.0,4.33,2816.79,2026-09-25 13:08:29
JOB00663,VEH0025,EMP012,LOC002,battery_replacement,1.0,1.39,305.99,2026-09-25 13:08:29
JOB00664,VEH0012,EMP014,LOC002,battery_replacement,1.0,0.88,194.16,2026-09-25 13:08:29
JOB00665,VEH0034,EMP028,LOC004,engine_repair,8.0,7.42,7047.4,2026-09-25 13:08:29
JOB00666,VEH0087,EMP027,LOC004,tire_rotation,0.5,0.44,21.65,2026-09-25 13:08:29
JOB00667,VEH0032,EMP026,LOC004,oil_change,1.0,1.25,111.53,2026-09-25 13:08:29
JOB00668,VEH0027,EMP034,LOC005,transmission_service,5.0,6.34,4122.59,2026-09-26 13:08:29
JOB00669,VEH0036,EMP034,LOC005,ac_repair,4.0,4.43,2127.71,2026-09-26 13:08:29
JOB00670,VEH0011,EMP020,LOC003,oil_change,1.0,0.95,84.58,2026-09-26 13:08:29
JOB00671,VEH0045,EMP028,LOC004,battery_replacement,1.0,1.26,276.81,2026-09-26 13:08:29
JOB00672,VEH0094,EMP020,LOC003,transmission_service,5.0,4.85,3154.08,2026-09-26 13:08:29
JOB00673,VEH0019,EMP033,LOC005,ac_repair,4.0,5.54,2657.4,2026-09-26 13:08:29
JOB00674,VEH0042,EMP014,LOC002,brake_replacement,3.0,4.09,1432.21,2026-09-26 13:08:29
JOB00675,VEH0039,EMP006,LOC001,engine_repair,8.0,9.44,8971.47,2026-09-26 13:08:29
JOB00676,VEH0010,EMP028,LOC004,oil_change,1.0,1.02,90.97,2026-09-26 13:08:29
JOB00677,VEH0048,EMP027,LOC004,brake_replacement,3.0,4.02,1407.39,2026-09-26 13:08:29
JOB00678,VEH0042,EMP020,LOC003,battery_replacement,1.0,0.82,180.76,2026-09-26 13:08:29
JOB00679,VEH0061,EMP014,LOC002,ac_repair,4.0,4.84,2322.49,2026-09-27 13:08:29
JOB00680,VEH0095,EMP014,LOC002,battery_replacement,1.0,1.21,266.9,2026-09-27 13:08:29
JOB00681,VEH0005,EMP005,LOC001,tire_rotation,0.5,0.64,31.12,2026-09-27 13:08:29
JOB00682,VEH0054,EMP019,LOC003,ac_repair,4.0,3.58,1720.15,2026-09-27 13:08:29
JOB00683,VEH0090,EMP007,LOC001,oil_change,1.0,0.86,76.46,2026-09-27 13:08:29
JOB00684,VEH0021,EMP005,LOC001,ac_repair,4.0,5.12,2456.87,2026-09-27 13:08:29
JOB00685,VEH0073,EMP035,LOC005,brake_replacement,3.0,3.51,1229.81,2026-09-27 13:08:29
JOB00686,VEH0007,EMP007,LOC001,battery_replacement,1.0,1.19,262.81,2026-09-27 13:08:29
JOB00687,VEH0081,EMP007,LOC001,engine_repair,8.0,6.55,6221.27,2026-09-28 13:08:29
JOB00688,VEH0007,EMP034,LOC005,ac_repair,4.0,4.04,1938.66,2026-09-28 13:08:29
JOB00689,VEH0035,EMP005,LOC001,engine_repair,8.0,8.05,7644.0,2026-09-28 13:08:29
JOB00690,VEH0082,EMP007,LOC001,brake_replacement,3.0,2.74,957.84,2026-09-28 13:08:29
JOB00691,VEH0006,EMP027,LOC004,engine_repair,8.0,9.93,9434.45,2026-09-28 13:08:29
JOB00692,VEH0081,EMP033,LOC005,engine_repair,8.0,9.14,8685.15,2026-09-28 13:08:29
JOB00693,VEH0094,EMP028,LOC004,tire_rotation,0.5,0.7,34.09,2026-09-28 13:08:29
JOB00694,VEH0042,EMP012,LOC002,oil_change,1.0,1.24,110.47,2026-09-28 13:08:29
JOB00695,VEH0083,EMP020,LOC003,tire_rotation,0.5,0.54,26.46,2026-09-28 13:08:29
JOB00696,VEH0060,EMP006,LOC001,battery_replacement,1.0,0.98,216.67,2026-09-28 13:08:29
JOB00697,VEH0030,EMP021,LOC003,transmission_service,5.0,5.14,3340.86,2026-09-28 13:08:29
JOB00698,VEH0010,EMP006,LOC001,ac_repair,4.0,4.22,2024.1,2026-09-28 13:08:29
JOB00699,VEH0086,EMP014,LOC002,oil_change,1.0,1.0,88.57,2026-09-29 13:08:29
JOB00700,VEH0078,EMP033,LOC005,ac_repair,4.0,4.51,2165.36,2026-09-29 13:08:29
JOB00701,VEH0096,EMP012,LOC002,ac_repair,4.0,3.21,1538.66,2026-09-29 13:08:29
JOB00702,VEH0072,EMP007,LOC001,engine_repair,8.0,6.87,6526.29,2026-09-29 13:08:29
JOB00703,VEH0071,EMP020,LOC003,engine_repair,8.0,9.75,9263.63,2026-09-29 13:08:29
JOB00704,VEH0061,EMP005,LOC001,engine_repair,8.0,11.09,10534.59,2026-09-29 13:08:29
JOB00705,VEH0035,EMP007,LOC001,engine_repair,8.0,10.06,9555.86,2026-09-29 13:08:29
JOB00706,VEH0051,EMP020,LOC003,oil_change,1.0,0.93,82.72,2026-09-29 13:08:29
JOB00707,VEH0099,EMP012,LOC002,oil_change,1.0,0.85,75.74,2026-09-29 13:08:29
JOB00708,VEH0051,EMP007,LOC001,engine_repair,8.0,8.75,8309.74,2026-09-29 13:08:29
JOB00709,VEH0058,EMP006,LOC001,ac_repair,4.0,4.44,2128.98,2026-09-30 13:08:29
JOB00710,VEH0023,EMP013,LOC002,brake_replacement,3.0,2.64,924.54,2026-09-30 13:08:29
JOB00711,VEH0067,EMP006,LOC001,transmission_service,5.0,4.22,2743.3,2026-09-30 13:08:29
JOB00712,VEH0070,EMP013,LOC002,engine_repair,8.0,7.84,7443.99,2026-09-30 13:08:29
JOB00713,VEH0057,EMP013,LOC002,transmission_service,5.0,5.98,3889.89,2026-09-30 13:08:29
JOB00714,VEH0007,EMP006,LOC001,tire_rotation,0.5,0.63,30.78,2026-09-30 13:08:29
JOB00715,VEH0048,EMP012,LOC002,brake_replacement,3.0,3.41,1192.19,2026-09-30 13:08:29
JOB00716,VEH0062,EMP013,LOC002,transmission_service,5.0,6.96,4521.64,2026-09-30 13:08:29
JOB00717,VEH0016,EMP012,LOC002,battery_replacement,1.0,1.2,264.78,2026-10-01 13:08:29
JOB00718,VEH0008,EMP019,LOC003,oil_change,1.0,0.93,82.4,2026-10-01 13:08:29
JOB00719,VEH0080,EMP019,LOC003,brake_replacement,3.0,2.76,966.82,2026-10-01 13:08:29
JOB00720,VEH0059,EMP012,LOC002,brake_replacement,3.0,3.62,1267.63,2026-10-01 13:08:29
JOB00721,VEH0039,EMP021,LOC003,transmission_service,5.0,4.52,2940.85,2026-10-01 13:08:29
JOB00722,VEH0045,EMP006,LOC001,tire_rotation,0.5,0.45,22.12,2026-10-01 13:08:29
JOB00723,VEH0071,EMP013,LOC002,oil_change,1.0,1.39,124.12,2026-10-01 13:08:29
JOB00724,VEH0088,EMP027,LOC004,oil_change,1.0,1.01,89.89,2026-10-01 13:08:29
JOB00725,VEH0040,EMP021,LOC003,transmission_service,5.0,4.89,3178.98,2026-10-01 13:08:29
JOB00726,VEH0084,EMP026,LOC004,tire_rotation,0.5,0.48,23.5,2026-10-01 13:08:29
JOB00727,VEH0081,EMP027,LOC004,transmission_service,5.0,5.16,3356.39,2026-10-01 13:08:29
JOB00728,VEH0016,EMP014,LOC002,tire_rotation,0.5,0.41,20.11,2026-10-02 13:08:29
JOB00729,VEH0065,EMP006,LOC001,engine_repair,8.0,8.13,7720.85,2026-10-02 13:08:29
JOB00730,VEH0017,EMP026,LOC004,ac_repair,4.0,4.47,2144.28,2026-10-02 13:08:29
JOB00731,VEH0017,EMP012,LOC002,ac_repair,4.0,5.56,2667.07,2026-10-02 13:08:29
JOB00732,VEH0042,EMP013,LOC002,ac_repair,4.0,5.09,2442.7,2026-10-02 13:08:29
JOB00733,VEH0084,EMP020,LOC003,brake_replacement,3.0,4.1,1433.99,2026-10-03 13:08:29
JOB00734,VEH0098,EMP034,LOC005,ac_repair,4.0,3.5,1679.82,2026-10-03 13:08:29
JOB00735,VEH0031,EMP014,LOC002,transmission_service,5.0,6.62,4304.91,2026-10-03 13:08:29
JOB00736,VEH0028,EMP013,LOC002,ac_repair,4.0,5.1,2447.16,2026-10-03 13:08:29
JOB00737,VEH0069,EMP007,LOC001,tire_rotation,0.5,0.47,23.08,2026-10-03 13:08:29
JOB00738,VEH0062,EMP028,LOC004,transmission_service,5.0,6.94,4513.95,2026-10-03 13:08:29
JOB00739,VEH0017,EMP006,LOC001,battery_replacement,1.0,0.8,176.47,2026-10-03 13:08:29
JOB00740,VEH0084,EMP007,LOC001,battery_replacement,1.0,1.2,265.0,2026-10-03 13:08:29
JOB00741,VEH0046,EMP007,LOC001,ac_repair,4.0,3.22,1547.8,2026-10-03 13:08:29
JOB00742,VEH0093,EMP035,LOC005,tire_rotation,0.5,0.49,24.19,2026-10-03 13:08:29
JOB00743,VEH0002,EMP019,LOC003,engine_repair,8.0,11.13,10568.76,2026-10-03 13:08:29
JOB00744,VEH0073,EMP034,LOC005,brake_replacement,3.0,2.68,937.03,2026-10-03 13:08:29
