employee_id,full_name,role,location_id,hire_date,commission_rate
EMP001,Jeremy Lee,salesperson,LOC001,2022-11-11,0.042
EMP002,James Mahoney,salesperson,LOC001,2025-04-26,0.024
EMP003,Charles Davis,salesperson,LOC001,2022-12-29,0.031
EMP004,Craig Cook,salesperson,LOC001,2021-12-06,0.034
EMP005,Kimberly Brown,service_technician,LOC001,2024-09-06,0.0
EMP006,Jason Mccarthy,service_technician,LOC001,2022-08-17,0.0
EMP007,Brian Aguirre,service_technician,LOC001,2026-01-23,0.0
EMP008,Andrew Kemp,salesperson,LOC002,2023-12-19,0.02
EMP009,Julie Everett,salesperson,LOC002,2022-10-28,0.049
EMP010,Ashley Lee,salesperson,LOC002,2024-04-13,0.025
EMP011,Joshua Joyce,salesperson,LOC002,2023-01-14,0.043
EMP012,Ian Collins,service_technician,LOC002,2023-04-23,0.0
EMP013,Aaron Dickerson,service_technician,LOC002,2025-03-09,0.0
EMP014,Justin Tyler,service_technician,LOC002,2025-11-18,0.0
EMP015,Laurie Hernandez,salesperson,LOC003,2026-01-11,0.024
EMP016,Joshua Aguilar,salesperson,LOC003,2022-12-13,0.021
EMP017,Michele Terry,salesperson,LOC003,2023-04-26,0.04
EMP018,Sheri Rios,salesperson,LOC003,2026-03-15,0.031
EMP019,Catherine Smith,service_technician,LOC003,2026-04-04,0.0
EMP020,David Johnson,service_technician,LOC003,2022-12-09,0.0
EMP021,Erica Foster,service_technician,LOC003,2024-04-29,0.0
EMP022,Charles Coffey,salesperson,LOC004,2023-03-17,0.022
EMP023,Angela Rodriguez,salesperson,LOC004,2024-09-28,0.045
EMP024,Chloe Cole,salesperson,LOC004,2023-09-07,0.035
EMP025,John Hull,salesperson,LOC004,2025-06-29,0.032
EMP026,Laura Wiggins,service_technician,LOC004,2025-02-18,0.0
EMP027,Ann Henderson,service_technician,LOC004,2025-11-09,0.0
EMP028,Amanda Valdez,service_technician,LOC004,2023-01-31,0.0
EMP029,Laurie Maxwell,salesperson,LOC005,2026-04-21,0.044
EMP030,Kevin Davis,salesperson,LOC005,2025-04-18,0.035
EMP031,Tara Carrillo,salesperson,LOC005,2024-11-15,0.04
EMP032,Amanda Cruz,salesperson,LOC005,2026-04-28,0.039
EMP033,Natalie Henderson,service_technician,LOC005,2021-11-04,0.0
EMP034,Monica Jones,service_technician,LOC005,2022-05-03,0.0
EMP035,Courtney Prince,service_technician,LOC005,2025-02-26,0.0
