vehicle_id,make,model,year,list_price,status,location_id
VEH0001,Honda,CR-V,2023,35890,available,LOC001
VEH0002,Chevrolet,Equinox,2022,31168,available,LOC001
VEH0003,Chevrolet,Equinox,2024,34057,available,LOC001
VEH0004,Toyota,Camry,2023,28225,available,LOC001
VEH0005,Honda,Civic,2023,25334,available,LOC001
VEH0006,Chevrolet,Silverado,2023,44899,reserved,LOC001
VEH0007,Toyota,RAV4,2022,35377,reserved,LOC001
VEH0008,Ford,Explorer,2024,40707,available,LOC001
VEH0009,Toyota,RAV4,2024,37965,reserved,LOC001
VEH0010,Chevrolet,Silverado,2023,43043,available,LOC001
VEH0011,Chevrolet,Equinox,2025,28240,available,LOC001
VEH0012,Honda,CR-V,2025,35870,available,LOC001
VEH0013,Honda,CR-V,2024,31602,available,LOC001
VEH0014,Toyota,RAV4,2022,36476,available,LOC001
VEH0015,Honda,Civic,2023,26996,available,LOC001
VEH0016,Ford,Explorer,2025,36512,reserved,LOC001
VEH0017,Toyota,RAV4,2024,37446,available,LOC001
VEH0018,Chevrolet,Equinox,2025,28692,available,LOC001
VEH0019,Toyota,Camry,2024,28516,available,LOC001
VEH0020,Chevrolet,Equinox,2022,34799,available,LOC001
VEH0021,Chevrolet,Equinox,2023,32301,reserved,LOC002
VEH0022,BMW,3 Series,2024,58164,available,LOC002
VEH0023,Toyota,Camry,2022,30708,available,LOC002
VEH0024,BMW,X5,2022,72486,available,LOC002
VEH0025,Ford,F-150,2023,47237,available,LOC002
VEH0026,Toyota,Camry,2024,27172,available,LOC002
VEH0027,Honda,CR-V,2025,33601,reserved,LOC002
VEH0028,Ford,Explorer,2022,38074,available,LOC002
VEH0029,Honda,CR-V,2022,31155,available,LOC002
VEH0030,Ford,Explorer,2023,39784,reserved,LOC002
VEH0031,Ford,F-150,2022,48871,reserved,LOC002
VEH0032,Honda,CR-V,2024,36187,reserved,LOC002
VEH0033,BMW,X5,2025,72648,available,LOC002
VEH0034,Toyota,Camry,2024,28356,available,LOC002
VEH0035,Toyota,RAV4,2022,33232,available,LOC002
VEH0036,BMW,X5,2023,70291,reserved,LOC002
VEH0037,Ford,Explorer,2023,40948,reserved,LOC002
VEH0038,Ford,F-150,2023,44413,reserved,LOC002
VEH0039,Chevrolet,Silverado,2025,46492,available,LOC002
VEH0040,Chevrolet,Equinox,2025,30820,available,LOC002
VEH0041,Chevrolet,Equinox,2024,34403,available,LOC003
VEH0042,Honda,Civic,2023,27297,available,LOC003
VEH0043,Toyota,Camry,2023,27031,available,LOC003
VEH0044,Ford,F-150,2023,45029,available,LOC003
VEH0045,Chevrolet,Silverado,2022,41982,available,LOC003
VEH0046,BMW,3 Series,2022,54747,available,LOC003
VEH0047,BMW,3 Series,2022,54893,available,LOC003
VEH0048,Honda,Civic,2025,29301,available,LOC003
VEH0049,Toyota,RAV4,2025,35697,available,LOC003
VEH0050,Chevrolet,Equinox,2024,30548,reserved,LOC003
VEH0051,Chevrolet,Equinox,2024,32662,available,LOC003
VEH0052,BMW,X5,2022,70284,available,LOC003
VEH0053,Honda,Civic,2022,23288,available,LOC003
VEH0054,Chevrolet,Equinox,2024,34107,available,LOC003
VEH0055,Toyota,RAV4,2025,37323,available,LOC003
VEH0056,BMW,X5,2025,75842,available,LOC003
VEH0057,Chevrolet,Equinox,2023,28263,available,LOC003
VEH0058,Toyota,Camry,2025,29843,available,LOC003
VEH0059,Chevrolet,Equinox,2025,33036,available,LOC003
VEH0060,Honda,CR-V,2023,33463,available,LOC003
VEH0061,Chevrolet,Equinox,2022,32428,reserved,LOC004
VEH0062,Honda,CR-V,2023,33783,available,LOC004
VEH0063,Toyota,Camry,2024,26830,available,LOC004
VEH0064,Ford,Explorer,2023,42474,available,LOC004
VEH0065,Ford,Explorer,2025,38305,reserved,LOC004
VEH0066,Honda,Civic,2023,25495,available,LOC004
VEH0067,Chevrolet,Silverado,2025,41339,available,LOC004
VEH0068,Ford,Explorer,2025,41198,reserved,LOC004
VEH0069,Ford,F-150,2025,43142,reserved,LOC004
VEH0070,Chevrolet,Equinox,2024,29831,available,LOC004
VEH0071,Honda,CR-V,2024,31865,reserved,LOC004
VEH0072,Toyota,Camry,2025,32835,available,LOC004
VEH0073,BMW,3 Series,2022,53981,available,LOC004
VEH0074,Honda,Civic,2023,26219,reserved,LOC004
VEH0075,Ford,F-150,2022,46890,available,LOC004
VEH0076,BMW,X5,2023,75814,available,LOC004
VEH0077,Chevrolet,Equinox,2022,31815,reserved,LOC004
VEH0078,Toyota,RAV4,2025,35676,available,LOC004
VEH0079,BMW,X5,2024,70452,available,LOC004
VEH0080,Ford,F-150,2023,43658,reserved,LOC004
VEH0081,BMW,X5,2022,72520,reserved,LOC005
VEH0082,Chevrolet,Silverado,2024,45195,available,LOC005
VEH0083,BMW,X5,2024,70323,available,LOC005
VEH0084,Toyota,Camry,2022,29492,reserved,LOC005
VEH0085,Honda,CR-V,2025,34689,available,LOC005
VEH0086,Ford,Explorer,2025,36416,reserved,LOC005
VEH0087,BMW,X5,2023,75358,available,LOC005
VEH0088,BMW,3 Series,2023,55672,available,LOC005
VEH0089,Ford,F-150,2024,48514,reserved,LOC005
VEH0090,Honda,CR-V,2023,35248,reserved,LOC005
VEH0091,Chevrolet,Silverado,2024,41041,available,LOC005
VEH0092,BMW,3 Series,2022,58691,reserved,LOC005
VEH0093,Ford,Explorer,2022,41991,reserved,LOC005
VEH0094,Toyota,RAV4,2022,35001,reserved,LOC005
VEH0095,Ford,Explorer,2025,41391,available,LOC005
VEH0096,Toyota,Camry,2023,28177,available,LOC005
VEH0097,Honda,CR-V,2023,34598,reserved,LOC005
VEH0098,BMW,3 Series,2023,54371,available,LOC005
VEH0099,BMW,3 Series,2024,57366,reserved,LOC005
VEH0100,BMW,3 Series,2025,58625,available,LOC005
